step,part_id,type_id,color_id,x_mm,y_mm,bottom_z_mm,rotation_z_deg,insertion_axis,lower_support_ids,contact_stud_sites,physical_fit,retention
1,MON-R3-0001,PL-02x04-H032,c0,-52,-60,0.0,270,-Z,,0,UNKNOWN,UNKNOWN
2,MON-R3-0002,PL-02x04-H032,c0,-20,-60,0.0,270,-Z,,0,UNKNOWN,UNKNOWN
3,MON-R3-0003,PL-02x04-H032,c0,12,-60,0.0,270,-Z,,0,UNKNOWN,UNKNOWN
4,MON-R3-0004,PL-02x04-H032,c0,44,-60,0.0,270,-Z,,0,UNKNOWN,UNKNOWN
5,MON-R3-0005,PL-02x04-H032,c0,-52,-44,0.0,270,-Z,,0,UNKNOWN,UNKNOWN
6,MON-R3-0006,PL-02x04-H032,c0,-20,-44,0.0,270,-Z,,0,UNKNOWN,UNKNOWN
7,MON-R3-0007,PL-02x04-H032,c0,12,-44,0.0,270,-Z,,0,UNKNOWN,UNKNOWN
8,MON-R3-0008,PL-02x04-H032,c0,44,-44,0.0,270,-Z,,0,UNKNOWN,UNKNOWN
9,MON-R3-0009,PL-02x04-H032,c0,-52,-28,0.0,270,-Z,,0,UNKNOWN,UNKNOWN
10,MON-R3-0010,PL-02x04-H032,c0,-20,-28,0.0,270,-Z,,0,UNKNOWN,UNKNOWN
11,MON-R3-0011,PL-02x04-H032,c0,12,-28,0.0,270,-Z,,0,UNKNOWN,UNKNOWN
12,MON-R3-0012,PL-02x04-H032,c0,44,-28,0.0,270,-Z,,0,UNKNOWN,UNKNOWN
13,MON-R3-0013,PL-02x04-H032,c0,-52,-12,0.0,270,-Z,,0,UNKNOWN,UNKNOWN
14,MON-R3-0014,PL-02x04-H032,c0,-20,-12,0.0,270,-Z,,0,UNKNOWN,UNKNOWN
15,MON-R3-0015,PL-02x04-H032,c0,12,-12,0.0,270,-Z,,0,UNKNOWN,UNKNOWN
16,MON-R3-0016,PL-02x04-H032,c0,44,-12,0.0,270,-Z,,0,UNKNOWN,UNKNOWN
17,MON-R3-0017,PL-02x04-H032,c0,-52,4,0.0,270,-Z,,0,UNKNOWN,UNKNOWN
18,MON-R3-0018,PL-02x04-H032,c0,-20,4,0.0,270,-Z,,0,UNKNOWN,UNKNOWN
19,MON-R3-0019,PL-02x04-H032,c0,12,4,0.0,270,-Z,,0,UNKNOWN,UNKNOWN
20,MON-R3-0020,PL-02x04-H032,c0,44,4,0.0,270,-Z,,0,UNKNOWN,UNKNOWN
21,MON-R3-0021,PL-02x04-H032,c0,-52,20,0.0,270,-Z,,0,UNKNOWN,UNKNOWN
22,MON-R3-0022,PL-02x04-H032,c0,-20,20,0.0,270,-Z,,0,UNKNOWN,UNKNOWN
23,MON-R3-0023,PL-02x04-H032,c0,12,20,0.0,270,-Z,,0,UNKNOWN,UNKNOWN
24,MON-R3-0024,PL-02x04-H032,c0,44,20,0.0,270,-Z,,0,UNKNOWN,UNKNOWN
25,MON-R3-0025,PL-02x04-H032,c0,-52,36,0.0,270,-Z,,0,UNKNOWN,UNKNOWN
26,MON-R3-0026,PL-02x04-H032,c0,-20,36,0.0,270,-Z,,0,UNKNOWN,UNKNOWN
27,MON-R3-0027,PL-02x04-H032,c0,12,36,0.0,270,-Z,,0,UNKNOWN,UNKNOWN
28,MON-R3-0028,PL-02x04-H032,c0,44,36,0.0,270,-Z,,0,UNKNOWN,UNKNOWN
29,MON-R3-0031,PL-02x02-H032,c0,-52,-60,3.2,0,-Z,MON-R3-0001,4,UNKNOWN,UNKNOWN
30,MON-R3-0036,PL-02x02-H032,c0,-20,-60,3.2,0,-Z,MON-R3-0002,4,UNKNOWN,UNKNOWN
31,MON-R3-0041,PL-02x02-H032,c0,12,-60,3.2,0,-Z,MON-R3-0003,4,UNKNOWN,UNKNOWN
32,MON-R3-0046,PL-02x02-H032,c0,44,-60,3.2,0,-Z,MON-R3-0004,4,UNKNOWN,UNKNOWN
33,MON-R3-0029,PL-01x08-H032,c0,-64,-36,3.2,0,-Z,MON-R3-0001;MON-R3-0005;MON-R3-0009;MON-R3-0013,8,UNKNOWN,UNKNOWN
34,MON-R3-0034,PL-02x08-H032,c0,-36,-36,3.2,0,-Z,MON-R3-0001;MON-R3-0002;MON-R3-0005;MON-R3-0006;MON-R3-0009;MON-R3-0010;MON-R3-0013;MON-R3-0014,16,UNKNOWN,UNKNOWN
35,MON-R3-0039,PL-02x08-H032,c0,-4,-36,3.2,0,-Z,MON-R3-0002;MON-R3-0003;MON-R3-0006;MON-R3-0007;MON-R3-0010;MON-R3-0011;MON-R3-0014;MON-R3-0015,16,UNKNOWN,UNKNOWN
36,MON-R3-0044,PL-02x08-H032,c0,28,-36,3.2,0,-Z,MON-R3-0003;MON-R3-0004;MON-R3-0007;MON-R3-0008;MON-R3-0011;MON-R3-0012;MON-R3-0015;MON-R3-0016,16,UNKNOWN,UNKNOWN
37,MON-R3-0049,PL-01x08-H032,c0,56,-36,3.2,0,-Z,MON-R3-0004;MON-R3-0008;MON-R3-0012;MON-R3-0016,8,UNKNOWN,UNKNOWN
38,MON-R3-0032,PL-02x08-H032,c0,-52,-20,3.2,0,-Z,MON-R3-0005;MON-R3-0009;MON-R3-0013;MON-R3-0017,16,UNKNOWN,UNKNOWN
39,MON-R3-0037,PL-02x08-H032,c0,-20,-20,3.2,0,-Z,MON-R3-0006;MON-R3-0010;MON-R3-0014;MON-R3-0018,16,UNKNOWN,UNKNOWN
40,MON-R3-0042,PL-02x08-H032,c0,12,-20,3.2,0,-Z,MON-R3-0007;MON-R3-0011;MON-R3-0015;MON-R3-0019,16,UNKNOWN,UNKNOWN
41,MON-R3-0047,PL-02x08-H032,c0,44,-20,3.2,0,-Z,MON-R3-0008;MON-R3-0012;MON-R3-0016;MON-R3-0020,16,UNKNOWN,UNKNOWN
42,MON-R3-0030,PL-01x06-H032,c0,-64,20,3.2,0,-Z,MON-R3-0017;MON-R3-0021;MON-R3-0025,6,UNKNOWN,UNKNOWN
43,MON-R3-0035,PL-02x06-H032,c0,-36,20,3.2,0,-Z,MON-R3-0017;MON-R3-0018;MON-R3-0021;MON-R3-0022;MON-R3-0025;MON-R3-0026,12,UNKNOWN,UNKNOWN
44,MON-R3-0040,PL-02x06-H032,c0,-4,20,3.2,0,-Z,MON-R3-0018;MON-R3-0019;MON-R3-0022;MON-R3-0023;MON-R3-0026;MON-R3-0027,12,UNKNOWN,UNKNOWN
45,MON-R3-0045,PL-02x06-H032,c0,28,20,3.2,0,-Z,MON-R3-0019;MON-R3-0020;MON-R3-0023;MON-R3-0024;MON-R3-0027;MON-R3-0028,12,UNKNOWN,UNKNOWN
46,MON-R3-0050,PL-01x06-H032,c0,56,20,3.2,0,-Z,MON-R3-0020;MON-R3-0024;MON-R3-0028,6,UNKNOWN,UNKNOWN
47,MON-R3-0033,PL-02x04-H032,c0,-52,28,3.2,0,-Z,MON-R3-0021;MON-R3-0025,8,UNKNOWN,UNKNOWN
48,MON-R3-0038,PL-02x04-H032,c0,-20,28,3.2,0,-Z,MON-R3-0022;MON-R3-0026,8,UNKNOWN,UNKNOWN
49,MON-R3-0043,PL-02x04-H032,c0,12,28,3.2,0,-Z,MON-R3-0023;MON-R3-0027,8,UNKNOWN,UNKNOWN
50,MON-R3-0048,PL-02x04-H032,c0,44,28,3.2,0,-Z,MON-R3-0024;MON-R3-0028,8,UNKNOWN,UNKNOWN
51,MON-R3-0056,BR-02x04-H096,c0,-4,-60,6.4,270,-Z,MON-R3-0036;MON-R3-0039;MON-R3-0041,8,UNKNOWN,UNKNOWN
52,MON-R3-0052,BR-04x06-H096,c0,-28,-36,6.4,270,-Z,MON-R3-0032;MON-R3-0034;MON-R3-0037;MON-R3-0039,24,UNKNOWN,UNKNOWN
53,MON-R3-0057,BR-04x06-H096,c0,20,-36,6.4,270,-Z,MON-R3-0039;MON-R3-0042;MON-R3-0044;MON-R3-0047,24,UNKNOWN,UNKNOWN
54,MON-R3-0051,BR-02x02-H096,c0,-60,-12,6.4,0,-Z,MON-R3-0029;MON-R3-0032,4,UNKNOWN,UNKNOWN
55,MON-R3-0061,BR-02x06-H096,c0,52,-12,6.4,0,-Z,MON-R3-0047;MON-R3-0049;MON-R3-0050,12,UNKNOWN,UNKNOWN
56,MON-R3-0053,BR-04x06-H096,c0,-28,-4,6.4,270,-Z,MON-R3-0032;MON-R3-0034;MON-R3-0035;MON-R3-0037;MON-R3-0039;MON-R3-0040,24,UNKNOWN,UNKNOWN
57,MON-R3-0058,BR-04x06-H096,c0,20,-4,6.4,270,-Z,MON-R3-0039;MON-R3-0040;MON-R3-0042;MON-R3-0044;MON-R3-0045;MON-R3-0047,24,UNKNOWN,UNKNOWN
58,MON-R3-0054,BR-02x02-H096,c0,-44,20,6.4,0,-Z,MON-R3-0033;MON-R3-0035,4,UNKNOWN,UNKNOWN
59,MON-R3-0059,BR-02x04-H096,c0,28,20,6.4,270,-Z,MON-R3-0043;MON-R3-0045;MON-R3-0048,8,UNKNOWN,UNKNOWN
60,MON-R3-0055,BR-04x06-H096,c0,-12,28,6.4,270,-Z,MON-R3-0035;MON-R3-0038;MON-R3-0040;MON-R3-0043,24,UNKNOWN,UNKNOWN
61,MON-R3-0060,BR-02x02-H096,c0,20,36,6.4,0,-Z,MON-R3-0043;MON-R3-0045,4,UNKNOWN,UNKNOWN
62,MON-R3-0064,CT-20C-H096-21b3f8c171,c3,-4,-72,16.0,270,-Z,MON-R3-0056,4,UNKNOWN,UNKNOWN
63,MON-R3-0067,BR-01x03-H096,c0,-24,-56,16.0,270,-Z,MON-R3-0056,1,UNKNOWN,UNKNOWN
64,MON-R3-0073,BR-01x03-H096,c0,16,-56,16.0,270,-Z,MON-R3-0056,1,UNKNOWN,UNKNOWN
65,MON-R3-0065,BR-02x03-H096,c0,-44,-48,16.0,0,-Z,MON-R3-0052,4,UNKNOWN,UNKNOWN
66,MON-R3-0076,BR-02x03-H096,c0,36,-48,16.0,0,-Z,MON-R3-0057,4,UNKNOWN,UNKNOWN
67,MON-R3-0071,BR-02x08-H096,c0,-4,-28,16.0,0,-Z,MON-R3-0052;MON-R3-0053;MON-R3-0056;MON-R3-0057;MON-R3-0058,16,UNKNOWN,UNKNOWN
68,MON-R3-0062,CT-20C-H096-33529a809f,c0,-68,-20,16.0,180,-Z,MON-R3-0051,4,UNKNOWN,UNKNOWN
69,MON-R3-0077,CT-18C-H096-7dc999aebd,c0,60,-20,16.0,180,-Z,MON-R3-0061,4,UNKNOWN,UNKNOWN
70,MON-R3-0066,BR-02x04-H096,c0,-36,-4,16.0,270,-Z,MON-R3-0053,8,UNKNOWN,UNKNOWN
71,MON-R3-0070,BR-01x02-H096,c0,-16,-4,16.0,0,-Z,MON-R3-0053,2,UNKNOWN,UNKNOWN
72,MON-R3-0074,BR-02x08-H096,c0,36,-4,16.0,270,-Z,MON-R3-0058;MON-R3-0061,14,UNKNOWN,UNKNOWN
73,MON-R3-0072,BR-02x04-H096,c0,-4,20,16.0,0,-Z,MON-R3-0053;MON-R3-0055;MON-R3-0058,8,UNKNOWN,UNKNOWN
74,MON-R3-0063,CT-12C-H096-dc1b462174,c0,-52,28,16.0,90,-Z,MON-R3-0054,4,UNKNOWN,UNKNOWN
75,MON-R3-0075,CT-20C-H096-8f6969895d,c0,44,28,16.0,270,-Z,MON-R3-0060,4,UNKNOWN,UNKNOWN
76,MON-R3-0068,BR-02x02-H096,c0,-28,36,16.0,0,-Z,MON-R3-0055,4,UNKNOWN,UNKNOWN
77,MON-R3-0069,CT-18C-H096-d42c35ea27,c0,-4,48,16.0,270,-Z,MON-R3-0055,2,UNKNOWN,UNKNOWN
78,MON-R3-0085,BR-02x08-H096,c3,-20,-76,25.6,270,-Z,MON-R3-0064,8,UNKNOWN,UNKNOWN
79,MON-R3-0092,CT-15C-H096-683acb1ad3,c3,36,-68,25.6,90,-Z,MON-R3-0064;MON-R3-0076,4,UNKNOWN,UNKNOWN
80,MON-R3-0083,CT-07C-H096-19b018b623,c3,-52,-60,25.6,90,-Z,MON-R3-0064;MON-R3-0065,4,UNKNOWN,UNKNOWN
81,MON-R3-0078,CT-09C-H096-2f6410248c,c0,-68,-48,25.6,270,-Z,MON-R3-0062,4,UNKNOWN,UNKNOWN
82,MON-R3-0094,CT-07C-H096-f685e61d18,c0,60,-48,25.6,270,-Z,MON-R3-0077,4,UNKNOWN,UNKNOWN
83,MON-R3-0088,BR-02x06-H096,c0,-4,-44,25.6,0,-Z,MON-R3-0064;MON-R3-0071,12,UNKNOWN,UNKNOWN
84,MON-R3-0079,BR-02x03-H096,c0,-76,-24,25.6,0,-Z,MON-R3-0062,2,UNKNOWN,UNKNOWN
85,MON-R3-0089,BR-01x02-H096,c0,-4,-16,25.6,270,-Z,MON-R3-0071,2,UNKNOWN,UNKNOWN
86,MON-R3-0097,BR-02x08-H096,c0,68,-12,25.6,0,-Z,MON-R3-0074;MON-R3-0075;MON-R3-0077,14,UNKNOWN,UNKNOWN
87,MON-R3-0082,BR-02x08-H096,c0,-44,-4,25.6,270,-Z,MON-R3-0062;MON-R3-0066;MON-R3-0070,15,UNKNOWN,UNKNOWN
88,MON-R3-0091,BR-02x06-H096,c0,28,-4,25.6,270,-Z,MON-R3-0074,12,UNKNOWN,UNKNOWN
89,MON-R3-0096,BR-01x02-H096,c0,56,-4,25.6,0,-Z,MON-R3-0074,2,UNKNOWN,UNKNOWN
90,MON-R3-0080,CT-04C-H096-8e241044a8,c0,-76,0,25.6,0,-Z,MON-R3-0062,1,UNKNOWN,UNKNOWN
91,MON-R3-0081,BR-02x04-H096,c0,-68,20,25.6,270,-Z,MON-R3-0063,4,UNKNOWN,UNKNOWN
92,MON-R3-0090,BR-02x08-H096,c0,-4,20,25.6,0,-Z,MON-R3-0069;MON-R3-0071;MON-R3-0072,16,UNKNOWN,UNKNOWN
93,MON-R3-0098,BR-01x02-H096,c0,68,24,25.6,270,-Z,MON-R3-0075,2,UNKNOWN,UNKNOWN
94,MON-R3-0084,BR-02x04-H096,c0,-52,36,25.6,270,-Z,MON-R3-0063,4,UNKNOWN,UNKNOWN
95,MON-R3-0095,BR-02x04-H096,c0,60,36,25.6,270,-Z,MON-R3-0075,4,UNKNOWN,UNKNOWN
96,MON-R3-0086,BR-02x04-H096,c0,-36,52,25.6,270,-Z,MON-R3-0069,4,UNKNOWN,UNKNOWN
97,MON-R3-0093,BR-02x06-H096,c0,36,52,25.6,270,-Z,MON-R3-0069,4,UNKNOWN,UNKNOWN
98,MON-R3-0087,CT-16C-H096-ab7eb6d927,c0,4,60,25.6,270,-Z,MON-R3-0069,4,UNKNOWN,UNKNOWN
99,MON-R3-0112,BR-01x04-H096,c3,-4,-80,35.2,270,-Z,MON-R3-0085,4,UNKNOWN,UNKNOWN
100,MON-R3-0106,BR-02x04-H096,c3,-36,-76,35.2,270,-Z,MON-R3-0085,8,UNKNOWN,UNKNOWN
101,MON-R3-0116,BR-02x06-H096,c3,36,-76,35.2,270,-Z,MON-R3-0092,8,UNKNOWN,UNKNOWN
102,MON-R3-0102,CT-05C-H096-c763985811,c3,-56,-60,35.2,90,-Z,MON-R3-0078;MON-R3-0083,5,UNKNOWN,UNKNOWN
103,MON-R3-0107,CT-03C-H096-c1d6f05dcc,c0,-44,-60,35.2,180,-Z,MON-R3-0083,3,UNKNOWN,UNKNOWN
104,MON-R3-0119,CT-09C-H096-5eb32c5359,c3,60,-56,35.2,90,-Z,MON-R3-0092;MON-R3-0094,5,UNKNOWN,UNKNOWN
105,MON-R3-0103,BR-02x02-H096,c0,-60,-44,35.2,0,-Z,MON-R3-0078,4,UNKNOWN,UNKNOWN
106,MON-R3-0113,CT-18C-H096-469022c2b9,c0,-4,-44,35.2,0,-Z,MON-R3-0085;MON-R3-0088;MON-R3-0089,18,UNKNOWN,UNKNOWN
107,MON-R3-0099,CT-10C-H096-506b844354,c0,-84,-36,35.2,0,-Z,MON-R3-0078,2,UNKNOWN,UNKNOWN
108,MON-R3-0100,BR-02x08-H096,c0,-76,-12,35.2,0,-Z,MON-R3-0078;MON-R3-0079;MON-R3-0080;MON-R3-0081;MON-R3-0082,16,UNKNOWN,UNKNOWN
109,MON-R3-0121,CT-25C-H096-06daa47720,c0,80,-12,35.2,0,-Z,MON-R3-0094;MON-R3-0097,7,UNKNOWN,UNKNOWN
110,MON-R3-0104,BR-02x02-H096,c0,-60,-4,35.2,0,-Z,MON-R3-0082,4,UNKNOWN,UNKNOWN
111,MON-R3-0108,BR-02x08-H096,c0,-20,-4,35.2,270,-Z,MON-R3-0082;MON-R3-0090;MON-R3-0091,16,UNKNOWN,UNKNOWN
112,MON-R3-0117,BR-02x08-H096,c0,44,-4,35.2,270,-Z,MON-R3-0091;MON-R3-0096;MON-R3-0097,16,UNKNOWN,UNKNOWN
113,MON-R3-0101,BR-02x03-H096,c0,-76,32,35.2,0,-Z,MON-R3-0081,2,UNKNOWN,UNKNOWN
114,MON-R3-0114,BR-02x08-H096,c0,-4,36,35.2,0,-Z,MON-R3-0087;MON-R3-0090,16,UNKNOWN,UNKNOWN
115,MON-R3-0122,BR-02x06-H096,c0,68,36,35.2,0,-Z,MON-R3-0095;MON-R3-0097;MON-R3-0098,8,UNKNOWN,UNKNOWN
116,MON-R3-0105,BR-02x04-H096,c0,-60,44,35.2,0,-Z,MON-R3-0084,4,UNKNOWN,UNKNOWN
117,MON-R3-0120,BR-02x02-H096,c0,52,52,35.2,0,-Z,MON-R3-0093,4,UNKNOWN,UNKNOWN
118,MON-R3-0109,BR-02x04-H096,c0,-44,60,35.2,0,-Z,MON-R3-0086,4,UNKNOWN,UNKNOWN
119,MON-R3-0118,BR-02x04-H096,c0,36,60,35.2,0,-Z,MON-R3-0093,4,UNKNOWN,UNKNOWN
120,MON-R3-0110,BR-01x03-H096,c0,-24,64,35.2,270,-Z,MON-R3-0087,1,UNKNOWN,UNKNOWN
121,MON-R3-0115,BR-01x03-H096,c0,16,64,35.2,270,-Z,MON-R3-0087,3,UNKNOWN,UNKNOWN
122,MON-R3-0111,BR-01x08-H096,c0,-4,72,35.2,270,-Z,MON-R3-0087,6,UNKNOWN,UNKNOWN
123,MON-R3-0134,BR-01x03-H096,c3,-24,-80,44.8,270,-Z,MON-R3-0106;MON-R3-0112,3,UNKNOWN,UNKNOWN
124,MON-R3-0137,BR-01x02-H096,c2,-4,-80,44.8,270,-Z,MON-R3-0112,2,UNKNOWN,UNKNOWN
125,MON-R3-0141,BR-01x04-H096,c3,20,-80,44.8,270,-Z,MON-R3-0112;MON-R3-0116,4,UNKNOWN,UNKNOWN
126,MON-R3-0145,BR-02x03-H096,c3,48,-76,44.8,270,-Z,MON-R3-0116,6,UNKNOWN,UNKNOWN
127,MON-R3-0131,CT-05C-H096-7ede4fdf04,c3,-44,-72,44.8,0,-Z,MON-R3-0102;MON-R3-0106,5,UNKNOWN,UNKNOWN
128,MON-R3-0135,BR-01x09-H096,c0,0,-72,44.8,270,-Z,MON-R3-0106;MON-R3-0113;MON-R3-0116,9,UNKNOWN,UNKNOWN
129,MON-R3-0132,CT-03C-H096-c1d6f05dcc,c0,-44,-60,44.8,180,-Z,MON-R3-0107,3,UNKNOWN,UNKNOWN
130,MON-R3-0138,BR-02x02-H096,c0,-4,-60,44.8,0,-Z,MON-R3-0113,4,UNKNOWN,UNKNOWN
131,MON-R3-0146,CT-03C-H096-c1d6f05dcc,c0,52,-60,44.8,270,-Z,MON-R3-0119,3,UNKNOWN,UNKNOWN
132,MON-R3-0147,CT-05C-H096-7ede4fdf04,c3,64,-60,44.8,90,-Z,MON-R3-0119,5,UNKNOWN,UNKNOWN
133,MON-R3-0129,CT-05C-H096-7ede4fdf04,c3,-60,-56,44.8,0,-Z,MON-R3-0102;MON-R3-0103,5,UNKNOWN,UNKNOWN
134,MON-R3-0123,BR-02x04-H096,c0,-84,-44,44.8,270,-Z,MON-R3-0099;MON-R3-0100,8,UNKNOWN,UNKNOWN
135,MON-R3-0130,CT-03C-H096-c1d6f05dcc,c0,-60,-44,44.8,180,-Z,MON-R3-0103,3,UNKNOWN,UNKNOWN
136,MON-R3-0148,BR-02x02-H096,c0,68,-44,44.8,0,-Z,MON-R3-0119;MON-R3-0121,4,UNKNOWN,UNKNOWN
137,MON-R3-0153,BR-01x04-H096,c0,96,-36,44.8,0,-Z,MON-R3-0121,2,UNKNOWN,UNKNOWN
138,MON-R3-0124,BR-02x03-H096,c0,-92,-24,44.8,0,-Z,MON-R3-0099,4,UNKNOWN,UNKNOWN
139,MON-R3-0139,BR-02x08-H096,c0,-4,-20,44.8,0,-Z,MON-R3-0108;MON-R3-0113;MON-R3-0114,16,UNKNOWN,UNKNOWN
140,MON-R3-0151,BR-02x08-H096,c0,84,-20,44.8,0,-Z,MON-R3-0121,12,UNKNOWN,UNKNOWN
141,MON-R3-0125,BR-02x08-H096,c0,-68,-4,44.8,270,-Z,MON-R3-0100;MON-R3-0104;MON-R3-0108,12,UNKNOWN,UNKNOWN
142,MON-R3-0136,BR-02x03-H096,c0,-24,-4,44.8,270,-Z,MON-R3-0108,6,UNKNOWN,UNKNOWN
143,MON-R3-0142,BR-02x08-H096,c0,36,-4,44.8,270,-Z,MON-R3-0108;MON-R3-0117,16,UNKNOWN,UNKNOWN
144,MON-R3-0150,BR-01x02-H096,c0,72,-4,44.8,0,-Z,MON-R3-0117,2,UNKNOWN,UNKNOWN
145,MON-R3-0126,CT-10C-H096-9e938acd9a,c0,-84,20,44.8,180,-Z,MON-R3-0100;MON-R3-0101,8,UNKNOWN,UNKNOWN
146,MON-R3-0152,BR-02x02-H096,c0,84,20,44.8,0,-Z,MON-R3-0121,4,UNKNOWN,UNKNOWN
147,MON-R3-0140,BR-02x06-H096,c0,-4,36,44.8,0,-Z,MON-R3-0114,12,UNKNOWN,UNKNOWN
148,MON-R3-0149,BR-02x04-H096,c0,76,36,44.8,270,-Z,MON-R3-0122,4,UNKNOWN,UNKNOWN
149,MON-R3-0127,BR-01x02-H096,c0,-76,40,44.8,270,-Z,MON-R3-0101,2,UNKNOWN,UNKNOWN
150,MON-R3-0128,BR-02x06-H096,c0,-60,52,44.8,270,-Z,MON-R3-0105;MON-R3-0109,8,UNKNOWN,UNKNOWN
151,MON-R3-0144,BR-02x06-H096,c0,52,52,44.8,270,-Z,MON-R3-0118;MON-R3-0120;MON-R3-0122,12,UNKNOWN,UNKNOWN
152,MON-R3-0133,BR-02x08-H096,c0,-20,68,44.8,270,-Z,MON-R3-0109;MON-R3-0110;MON-R3-0111;MON-R3-0114;MON-R3-0115,16,UNKNOWN,UNKNOWN
153,MON-R3-0143,BR-02x04-H096,c0,28,68,44.8,270,-Z,MON-R3-0111;MON-R3-0115;MON-R3-0118,8,UNKNOWN,UNKNOWN
154,MON-R3-0162,BR-01x08-H096,c3,-20,-80,54.4,270,-Z,MON-R3-0131;MON-R3-0134;MON-R3-0137;MON-R3-0141,8,UNKNOWN,UNKNOWN
155,MON-R3-0175,BR-01x02-H096,c3,20,-80,54.4,270,-Z,MON-R3-0141,2,UNKNOWN,UNKNOWN
156,MON-R3-0178,BR-02x04-H096,c3,44,-76,54.4,270,-Z,MON-R3-0135;MON-R3-0141;MON-R3-0145,8,UNKNOWN,UNKNOWN
157,MON-R3-0163,CT-03C-H096-c1d6f05dcc,c3,-44,-68,54.4,0,-Z,MON-R3-0131,3,UNKNOWN,UNKNOWN
158,MON-R3-0164,CT-06C-H096-1f09483782,c0,-40,-64,54.4,180,-Z,MON-R3-0132;MON-R3-0135,4,UNKNOWN,UNKNOWN
159,MON-R3-0183,BR-01x02-H096,c3,52,-64,54.4,270,-Z,MON-R3-0146;MON-R3-0147,2,UNKNOWN,UNKNOWN
160,MON-R3-0160,CT-05C-H096-7ede4fdf04,c3,-60,-56,54.4,0,-Z,MON-R3-0129,5,UNKNOWN,UNKNOWN
161,MON-R3-0187,CT-05C-H096-7ede4fdf04,c3,68,-56,54.4,0,-Z,MON-R3-0147;MON-R3-0148,5,UNKNOWN,UNKNOWN
162,MON-R3-0167,BR-04x06-H096,c0,-12,-52,54.4,0,-Z,MON-R3-0135;MON-R3-0138;MON-R3-0139,14,UNKNOWN,UNKNOWN
163,MON-R3-0174,BR-01x06-H096,c0,8,-52,54.4,0,-Z,MON-R3-0135,1,UNKNOWN,UNKNOWN
164,MON-R3-0156,BR-01x03-H096,c0,-80,-48,54.4,270,-Z,MON-R3-0123,3,UNKNOWN,UNKNOWN
165,MON-R3-0188,BR-01x03-H096,c0,80,-48,54.4,270,-Z,MON-R3-0148;MON-R3-0151,3,UNKNOWN,UNKNOWN
166,MON-R3-0176,BR-02x08-H096,c0,20,-44,54.4,0,-Z,MON-R3-0135,2,UNKNOWN,UNKNOWN
167,MON-R3-0179,CT-14C-H096-3e2c5d19d1,c0,44,-40,54.4,0,-Z,MON-R3-0146,2,UNKNOWN,UNKNOWN
168,MON-R3-0191,CT-04C-H096-bec36f7bdc,c0,92,-32,54.4,0,-Z,MON-R3-0151;MON-R3-0153,4,UNKNOWN,UNKNOWN
169,MON-R3-0181,BR-04x06-H096,c0,60,-28,54.4,270,-Z,MON-R3-0148;MON-R3-0151,6,UNKNOWN,UNKNOWN
170,MON-R3-0161,CT-25C-H096-b6b30d10c3,c0,-44,-24,54.4,0,-Z,MON-R3-0125;MON-R3-0130;MON-R3-0136,7,UNKNOWN,UNKNOWN
171,MON-R3-0154,BR-01x08-H096,c0,-96,-20,54.4,0,-Z,MON-R3-0123;MON-R3-0124;MON-R3-0125;MON-R3-0126,8,UNKNOWN,UNKNOWN
172,MON-R3-0157,BR-04x06-H096,c0,-76,-20,54.4,0,-Z,MON-R3-0123;MON-R3-0124;MON-R3-0125;MON-R3-0130,15,UNKNOWN,UNKNOWN
173,MON-R3-0168,BR-01x03-H096,c0,-24,-16,54.4,0,-Z,MON-R3-0136,1,UNKNOWN,UNKNOWN
174,MON-R3-0169,BR-04x06-H096,c0,-4,-4,54.4,0,-Z,MON-R3-0136;MON-R3-0139;MON-R3-0140;MON-R3-0142,16,UNKNOWN,UNKNOWN
175,MON-R3-0192,BR-01x08-H096,c0,88,4,54.4,0,-Z,MON-R3-0149;MON-R3-0151;MON-R3-0152,8,UNKNOWN,UNKNOWN
176,MON-R3-0177,BR-04x06-H096,c0,28,12,54.4,0,-Z,MON-R3-0142,8,UNKNOWN,UNKNOWN
177,MON-R3-0184,BR-01x06-H096,c0,48,12,54.4,0,-Z,MON-R3-0142,2,UNKNOWN,UNKNOWN
178,MON-R3-0185,BR-04x06-H096,c0,68,12,54.4,0,-Z,MON-R3-0142;MON-R3-0149;MON-R3-0150;MON-R3-0151;MON-R3-0152,14,UNKNOWN,UNKNOWN
179,MON-R3-0155,CT-05C-H096-7ede4fdf04,c0,-92,16,54.4,180,-Z,MON-R3-0126,1,UNKNOWN,UNKNOWN
180,MON-R3-0165,BR-04x06-H096,c0,-36,20,54.4,0,-Z,MON-R3-0125;MON-R3-0136,4,UNKNOWN,UNKNOWN
181,MON-R3-0158,BR-04x06-H096,c0,-68,28,54.4,0,-Z,MON-R3-0126;MON-R3-0127;MON-R3-0128,14,UNKNOWN,UNKNOWN
182,MON-R3-0170,BR-02x04-H096,c0,-4,28,54.4,270,-Z,MON-R3-0140,4,UNKNOWN,UNKNOWN
183,MON-R3-0190,BR-01x02-H096,c0,84,40,54.4,270,-Z,MON-R3-0149,2,UNKNOWN,UNKNOWN
184,MON-R3-0186,BR-02x03-H096,c0,60,48,54.4,0,-Z,MON-R3-0144;MON-R3-0149,5,UNKNOWN,UNKNOWN
185,MON-R3-0189,BR-01x03-H096,c0,72,48,54.4,0,-Z,MON-R3-0144;MON-R3-0149,3,UNKNOWN,UNKNOWN
186,MON-R3-0171,BR-01x04-H096,c0,-16,52,54.4,0,-Z,MON-R3-0133,1,UNKNOWN,UNKNOWN
187,MON-R3-0173,BR-04x06-H096,c0,12,52,54.4,270,-Z,MON-R3-0133;MON-R3-0140;MON-R3-0143;MON-R3-0144,14,UNKNOWN,UNKNOWN
188,MON-R3-0182,BR-02x04-H096,c0,44,52,54.4,0,-Z,MON-R3-0143;MON-R3-0144,5,UNKNOWN,UNKNOWN
189,MON-R3-0159,BR-01x04-H096,c0,-68,56,54.4,270,-Z,MON-R3-0128,4,UNKNOWN,UNKNOWN
190,MON-R3-0166,BR-04x04-H096,c0,-36,60,54.4,0,-Z,MON-R3-0128;MON-R3-0133,12,UNKNOWN,UNKNOWN
191,MON-R3-0180,CT-05C-H096-73f76289ae,c0,44,68,54.4,270,-Z,MON-R3-0143,2,UNKNOWN,UNKNOWN
192,MON-R3-0172,BR-02x06-H096,c0,4,76,54.4,270,-Z,MON-R3-0133;MON-R3-0143,6,UNKNOWN,UNKNOWN
193,MON-R3-0208,BR-01x03-H096,c2,0,-80,64.0,270,-Z,MON-R3-0162,3,UNKNOWN,UNKNOWN
194,MON-R3-0205,CT-04C-H096-15e33fd0c4,c3,-24,-76,64.0,90,-Z,MON-R3-0162;MON-R3-0167,4,UNKNOWN,UNKNOWN
195,MON-R3-0213,CT-03C-H096-c1d6f05dcc,c3,20,-76,64.0,0,-Z,MON-R3-0175;MON-R3-0176,3,UNKNOWN,UNKNOWN
196,MON-R3-0216,CT-03C-H096-c1d6f05dcc,c3,36,-76,64.0,90,-Z,MON-R3-0178,3,UNKNOWN,UNKNOWN
197,MON-R3-0203,CT-05C-H096-7ede4fdf04,c3,-44,-72,64.0,0,-Z,MON-R3-0162;MON-R3-0163,5,UNKNOWN,UNKNOWN
198,MON-R3-0206,BR-01x02-H096,c2,-28,-72,64.0,270,-Z,MON-R3-0164;MON-R3-0167,2,UNKNOWN,UNKNOWN
199,MON-R3-0215,BR-01x02-H096,c2,28,-72,64.0,270,-Z,MON-R3-0176;MON-R3-0178,2,UNKNOWN,UNKNOWN
200,MON-R3-0218,BR-01x01-H096,c2,40,-64,64.0,0,-Z,MON-R3-0179,1,UNKNOWN,UNKNOWN
201,MON-R3-0199,BR-02x02-H096,c3,-60,-60,64.0,0,-Z,MON-R3-0160,4,UNKNOWN,UNKNOWN
202,MON-R3-0204,CT-03C-H096-c1d6f05dcc,c0,-44,-60,64.0,180,-Z,MON-R3-0164,3,UNKNOWN,UNKNOWN
203,MON-R3-0217,CT-03C-H096-c1d6f05dcc,c0,36,-60,64.0,270,-Z,MON-R3-0179,3,UNKNOWN,UNKNOWN
204,MON-R3-0219,BR-02x04-H096,c3,60,-60,64.0,270,-Z,MON-R3-0179;MON-R3-0183;MON-R3-0187,8,UNKNOWN,UNKNOWN
205,MON-R3-0194,BR-01x03-H096,c3,-72,-48,64.0,270,-Z,MON-R3-0156;MON-R3-0160,3,UNKNOWN,UNKNOWN
206,MON-R3-0200,CT-03C-H096-c1d6f05dcc,c0,-60,-44,64.0,180,-Z,MON-R3-0157;MON-R3-0161,3,UNKNOWN,UNKNOWN
207,MON-R3-0209,CT-17C-H096-be766a974c,c0,0,-44,64.0,0,-Z,MON-R3-0167;MON-R3-0169;MON-R3-0174,17,UNKNOWN,UNKNOWN
208,MON-R3-0221,CT-03C-H096-c1d6f05dcc,c3,68,-44,64.0,0,-Z,MON-R3-0181;MON-R3-0187;MON-R3-0188,3,UNKNOWN,UNKNOWN
209,MON-R3-0222,CT-05C-H096-7ede4fdf04,c0,68,-32,64.0,180,-Z,MON-R3-0181,5,UNKNOWN,UNKNOWN
210,MON-R3-0195,BR-02x04-H096,c0,-76,-28,64.0,0,-Z,MON-R3-0157,8,UNKNOWN,UNKNOWN
211,MON-R3-0196,BR-01x02-H096,c0,-80,-4,64.0,0,-Z,MON-R3-0157,2,UNKNOWN,UNKNOWN
212,MON-R3-0198,BR-02x08-H096,c0,-44,-4,64.0,270,-Z,MON-R3-0157;MON-R3-0161;MON-R3-0165;MON-R3-0168;MON-R3-0169,16,UNKNOWN,UNKNOWN
213,MON-R3-0212,BR-02x08-H096,c0,28,-4,64.0,270,-Z,MON-R3-0169;MON-R3-0177;MON-R3-0184;MON-R3-0185,16,UNKNOWN,UNKNOWN
214,MON-R3-0223,BR-02x02-H096,c0,68,-4,64.0,0,-Z,MON-R3-0185,4,UNKNOWN,UNKNOWN
215,MON-R3-0225,BR-02x08-H096,c0,84,-4,64.0,0,-Z,MON-R3-0181;MON-R3-0185;MON-R3-0191;MON-R3-0192,16,UNKNOWN,UNKNOWN
216,MON-R3-0210,CT-04C-H096-8e241044a8,c0,-4,0,64.0,0,-Z,MON-R3-0169,4,UNKNOWN,UNKNOWN
217,MON-R3-0193,BR-02x06-H096,c0,-92,4,64.0,0,-Z,MON-R3-0154;MON-R3-0155;MON-R3-0157,12,UNKNOWN,UNKNOWN
218,MON-R3-0197,BR-02x06-H096,c0,-76,36,64.0,0,-Z,MON-R3-0158;MON-R3-0159,12,UNKNOWN,UNKNOWN
219,MON-R3-0224,BR-02x04-H096,c0,76,36,64.0,270,-Z,MON-R3-0185;MON-R3-0186;MON-R3-0189;MON-R3-0190;MON-R3-0192,8,UNKNOWN,UNKNOWN
220,MON-R3-0211,BR-02x08-H096,c0,-4,44,64.0,0,-Z,MON-R3-0169;MON-R3-0170;MON-R3-0172;MON-R3-0173,16,UNKNOWN,UNKNOWN
221,MON-R3-0201,BR-02x02-H096,c0,-60,52,64.0,0,-Z,MON-R3-0158;MON-R3-0159,4,UNKNOWN,UNKNOWN
222,MON-R3-0220,BR-02x04-H096,c0,60,52,64.0,270,-Z,MON-R3-0182;MON-R3-0186;MON-R3-0189,8,UNKNOWN,UNKNOWN
223,MON-R3-0202,BR-02x06-H096,c0,-44,68,64.0,270,-Z,MON-R3-0166,8,UNKNOWN,UNKNOWN
224,MON-R3-0214,BR-02x06-H096,c0,36,68,64.0,270,-Z,MON-R3-0172;MON-R3-0173;MON-R3-0180;MON-R3-0182,12,UNKNOWN,UNKNOWN
225,MON-R3-0207,CT-10C-H096-415fcecd4d,c0,-4,76,64.0,270,-Z,MON-R3-0172,8,UNKNOWN,UNKNOWN
226,MON-R3-0241,BR-02x04-H096,c3,-4,-76,73.6,270,-Z,MON-R3-0205;MON-R3-0208;MON-R3-0209,8,UNKNOWN,UNKNOWN
227,MON-R3-0246,BR-01x02-H096,c3,16,-76,73.6,0,-Z,MON-R3-0213,2,UNKNOWN,UNKNOWN
228,MON-R3-0248,BR-02x03-H096,c2,32,-76,73.6,270,-Z,MON-R3-0213;MON-R3-0215;MON-R3-0216,6,UNKNOWN,UNKNOWN
229,MON-R3-0235,CT-09C-H096-2942373b3f,c2,-36,-72,73.6,90,-Z,MON-R3-0203;MON-R3-0205;MON-R3-0206,9,UNKNOWN,UNKNOWN
230,MON-R3-0252,BR-01x02-H096,c2,44,-64,73.6,270,-Z,MON-R3-0218;MON-R3-0219,2,UNKNOWN,UNKNOWN
231,MON-R3-0232,BR-02x02-H096,c3,-60,-60,73.6,0,-Z,MON-R3-0199,4,UNKNOWN,UNKNOWN
232,MON-R3-0236,CT-03C-H096-c1d6f05dcc,c0,-44,-60,73.6,180,-Z,MON-R3-0204,3,UNKNOWN,UNKNOWN
233,MON-R3-0250,CT-03C-H096-c1d6f05dcc,c0,36,-60,73.6,270,-Z,MON-R3-0217,3,UNKNOWN,UNKNOWN
234,MON-R3-0242,BR-02x03-H096,c0,-4,-56,73.6,0,-Z,MON-R3-0209,6,UNKNOWN,UNKNOWN
235,MON-R3-0255,BR-01x03-H096,c3,56,-56,73.6,0,-Z,MON-R3-0219,2,UNKNOWN,UNKNOWN
236,MON-R3-0253,CT-04C-H096-8e241044a8,c0,52,-48,73.6,0,-Z,MON-R3-0219,1,UNKNOWN,UNKNOWN
237,MON-R3-0229,CT-05C-H096-c763985811,c3,-72,-44,73.6,90,-Z,MON-R3-0194;MON-R3-0195,5,UNKNOWN,UNKNOWN
238,MON-R3-0233,CT-03C-H096-c1d6f05dcc,c0,-60,-44,73.6,180,-Z,MON-R3-0200,3,UNKNOWN,UNKNOWN
239,MON-R3-0256,CT-05C-H096-c763985811,c3,68,-40,73.6,180,-Z,MON-R3-0221;MON-R3-0222,5,UNKNOWN,UNKNOWN
240,MON-R3-0257,CT-03C-H096-c1d6f05dcc,c0,68,-28,73.6,270,-Z,MON-R3-0222,3,UNKNOWN,UNKNOWN
241,MON-R3-0230,BR-02x03-H096,c0,-76,-24,73.6,0,-Z,MON-R3-0195,6,UNKNOWN,UNKNOWN
242,MON-R3-0259,BR-02x03-H096,c0,84,-24,73.6,0,-Z,MON-R3-0225,6,UNKNOWN,UNKNOWN
243,MON-R3-0226,BR-01x02-H096,c0,-92,-16,73.6,270,-Z,MON-R3-0193,2,UNKNOWN,UNKNOWN
244,MON-R3-0243,BR-02x08-H096,c0,-4,-12,73.6,0,-Z,MON-R3-0209;MON-R3-0210;MON-R3-0211;MON-R3-0212,16,UNKNOWN,UNKNOWN
245,MON-R3-0227,BR-02x08-H096,c0,-68,-4,73.6,270,-Z,MON-R3-0193;MON-R3-0196;MON-R3-0198,16,UNKNOWN,UNKNOWN
246,MON-R3-0238,BR-02x03-H096,c0,-24,-4,73.6,270,-Z,MON-R3-0198,6,UNKNOWN,UNKNOWN
247,MON-R3-0245,BR-02x02-H096,c0,12,-4,73.6,0,-Z,MON-R3-0212,4,UNKNOWN,UNKNOWN
248,MON-R3-0249,BR-02x08-H096,c0,52,-4,73.6,270,-Z,MON-R3-0212;MON-R3-0223;MON-R3-0225,16,UNKNOWN,UNKNOWN
249,MON-R3-0262,BR-01x02-H096,c0,88,-4,73.6,0,-Z,MON-R3-0225,2,UNKNOWN,UNKNOWN
250,MON-R3-0228,BR-02x03-H096,c0,-92,16,73.6,0,-Z,MON-R3-0193,6,UNKNOWN,UNKNOWN
251,MON-R3-0260,BR-02x04-H096,c0,84,20,73.6,0,-Z,MON-R3-0224;MON-R3-0225,8,UNKNOWN,UNKNOWN
252,MON-R3-0231,BR-02x06-H096,c0,-76,36,73.6,0,-Z,MON-R3-0197,12,UNKNOWN,UNKNOWN
253,MON-R3-0261,BR-01x02-H096,c0,84,40,73.6,270,-Z,MON-R3-0224,2,UNKNOWN,UNKNOWN
254,MON-R3-0244,BR-02x06-H096,c0,-4,44,73.6,0,-Z,MON-R3-0211,12,UNKNOWN,UNKNOWN
255,MON-R3-0258,BR-02x04-H096,c0,68,44,73.6,0,-Z,MON-R3-0220;MON-R3-0224,8,UNKNOWN,UNKNOWN
256,MON-R3-0234,BR-02x04-H096,c0,-60,60,73.6,0,-Z,MON-R3-0201;MON-R3-0202,8,UNKNOWN,UNKNOWN
257,MON-R3-0254,BR-02x04-H096,c0,52,60,73.6,0,-Z,MON-R3-0214;MON-R3-0220,8,UNKNOWN,UNKNOWN
258,MON-R3-0239,BR-01x02-H096,c0,-28,64,73.6,270,-Z,MON-R3-0202,2,UNKNOWN,UNKNOWN
259,MON-R3-0247,BR-01x02-H096,c0,20,64,73.6,270,-Z,MON-R3-0214,2,UNKNOWN,UNKNOWN
260,MON-R3-0237,BR-02x02-H096,c0,-44,68,73.6,0,-Z,MON-R3-0202,4,UNKNOWN,UNKNOWN
261,MON-R3-0251,BR-02x02-H096,c0,36,68,73.6,0,-Z,MON-R3-0214,4,UNKNOWN,UNKNOWN
262,MON-R3-0240,BR-02x08-H096,c0,-4,76,73.6,270,-Z,MON-R3-0202;MON-R3-0207;MON-R3-0211;MON-R3-0214,16,UNKNOWN,UNKNOWN
263,MON-R3-0277,BR-01x02-H096,c3,-16,-76,83.2,0,-Z,MON-R3-0241,2,UNKNOWN,UNKNOWN
264,MON-R3-0278,BR-02x04-H096,c3,4,-76,83.2,270,-Z,MON-R3-0241;MON-R3-0246,8,UNKNOWN,UNKNOWN
265,MON-R3-0285,BR-01x02-H096,c2,24,-76,83.2,0,-Z,MON-R3-0248,2,UNKNOWN,UNKNOWN
266,MON-R3-0272,CT-09C-H096-2f6410248c,c2,-36,-72,83.2,90,-Z,MON-R3-0235;MON-R3-0236,9,UNKNOWN,UNKNOWN
267,MON-R3-0286,CT-07C-H096-8db0b03e41,c2,40,-72,83.2,0,-Z,MON-R3-0248;MON-R3-0250;MON-R3-0252,7,UNKNOWN,UNKNOWN
268,MON-R3-0273,BR-01x01-H096,c1,-48,-64,83.2,0,-Z,MON-R3-0235,1,UNKNOWN,UNKNOWN
269,MON-R3-0291,BR-01x01-H096,c1,56,-64,83.2,0,-Z,MON-R3-0255,1,UNKNOWN,UNKNOWN
270,MON-R3-0268,CT-05C-H096-7ede4fdf04,c3,-60,-56,83.2,0,-Z,MON-R3-0229;MON-R3-0232,5,UNKNOWN,UNKNOWN
271,MON-R3-0274,BR-01x02-H096,c0,-44,-56,83.2,270,-Z,MON-R3-0236,2,UNKNOWN,UNKNOWN
272,MON-R3-0287,BR-01x02-H096,c0,36,-56,83.2,270,-Z,MON-R3-0250,2,UNKNOWN,UNKNOWN
273,MON-R3-0288,BR-01x01-H096,c1,48,-56,83.2,0,-Z,MON-R3-0253,1,UNKNOWN,UNKNOWN
274,MON-R3-0292,BR-01x02-H096,c3,56,-52,83.2,0,-Z,MON-R3-0255,2,UNKNOWN,UNKNOWN
275,MON-R3-0269,CT-03C-H096-c1d6f05dcc,c0,-60,-44,83.2,180,-Z,MON-R3-0233,3,UNKNOWN,UNKNOWN
276,MON-R3-0279,BR-02x06-H096,c0,-4,-44,83.2,0,-Z,MON-R3-0242;MON-R3-0243,12,UNKNOWN,UNKNOWN
277,MON-R3-0289,CT-03C-H096-c1d6f05dcc,c0,52,-44,83.2,270,-Z,MON-R3-0253,3,UNKNOWN,UNKNOWN
278,MON-R3-0264,CT-05C-H096-c763985811,c3,-76,-40,83.2,180,-Z,MON-R3-0229;MON-R3-0230,5,UNKNOWN,UNKNOWN
279,MON-R3-0293,BR-02x03-H096,c3,68,-40,83.2,0,-Z,MON-R3-0256;MON-R3-0257,6,UNKNOWN,UNKNOWN
280,MON-R3-0294,BR-02x02-H096,c0,68,-20,83.2,0,-Z,MON-R3-0257,2,UNKNOWN,UNKNOWN
281,MON-R3-0280,BR-01x02-H096,c0,-4,-16,83.2,270,-Z,MON-R3-0243,2,UNKNOWN,UNKNOWN
282,MON-R3-0270,BR-02x02-H096,c0,-60,-4,83.2,0,-Z,MON-R3-0227,4,UNKNOWN,UNKNOWN
283,MON-R3-0275,BR-02x08-H096,c0,-20,-4,83.2,270,-Z,MON-R3-0227;MON-R3-0238;MON-R3-0243;MON-R3-0245,16,UNKNOWN,UNKNOWN
284,MON-R3-0283,BR-02x08-H096,c0,44,-4,83.2,270,-Z,MON-R3-0245;MON-R3-0249,16,UNKNOWN,UNKNOWN
285,MON-R3-0265,CT-17C-H096-43671a5b5c,c0,-76,0,83.2,0,-Z,MON-R3-0227;MON-R3-0230;MON-R3-0231,15,UNKNOWN,UNKNOWN
286,MON-R3-0263,BR-02x02-H096,c0,-92,4,83.2,0,-Z,MON-R3-0227;MON-R3-0228,4,UNKNOWN,UNKNOWN
287,MON-R3-0281,BR-01x02-H096,c0,-4,8,83.2,270,-Z,MON-R3-0243,2,UNKNOWN,UNKNOWN
288,MON-R3-0296,BR-02x08-H096,c0,84,12,83.2,0,-Z,MON-R3-0249;MON-R3-0259;MON-R3-0260;MON-R3-0261;MON-R3-0262,16,UNKNOWN,UNKNOWN
289,MON-R3-0295,BR-02x02-H096,c0,68,36,83.2,0,-Z,MON-R3-0258,4,UNKNOWN,UNKNOWN
290,MON-R3-0266,BR-01x02-H096,c0,-76,40,83.2,270,-Z,MON-R3-0231,2,UNKNOWN,UNKNOWN
291,MON-R3-0282,BR-02x08-H096,c0,-4,44,83.2,0,-Z,MON-R3-0240;MON-R3-0243;MON-R3-0244,16,UNKNOWN,UNKNOWN
292,MON-R3-0267,BR-02x04-H096,c0,-68,52,83.2,270,-Z,MON-R3-0231;MON-R3-0234,8,UNKNOWN,UNKNOWN
293,MON-R3-0290,BR-02x04-H096,c0,60,52,83.2,270,-Z,MON-R3-0254;MON-R3-0258,8,UNKNOWN,UNKNOWN
294,MON-R3-0271,BR-02x06-H096,c0,-44,68,83.2,270,-Z,MON-R3-0234;MON-R3-0237;MON-R3-0239;MON-R3-0240,12,UNKNOWN,UNKNOWN
295,MON-R3-0284,BR-02x06-H096,c0,36,68,83.2,270,-Z,MON-R3-0240;MON-R3-0247;MON-R3-0251;MON-R3-0254,12,UNKNOWN,UNKNOWN
296,MON-R3-0276,CT-10C-H096-415fcecd4d,c0,-4,76,83.2,270,-Z,MON-R3-0240,10,UNKNOWN,UNKNOWN
297,MON-R3-0308,BR-01x01-H096,c2,-32,-80,92.8,0,-Z,MON-R3-0272,1,UNKNOWN,UNKNOWN
298,MON-R3-0312,CT-10C-H096-0b7a9c0a1e,c3,-4,-76,92.8,90,-Z,MON-R3-0272;MON-R3-0277;MON-R3-0278,10,UNKNOWN,UNKNOWN
299,MON-R3-0320,BR-01x02-H096,c3,24,-76,92.8,0,-Z,MON-R3-0285,2,UNKNOWN,UNKNOWN
300,MON-R3-0306,CT-05C-H096-a75f0f97b1,c1,-40,-64,92.8,90,-Z,MON-R3-0272;MON-R3-0273;MON-R3-0274,4,UNKNOWN,UNKNOWN
301,MON-R3-0309,CT-04C-H096-15e33fd0c4,c0,-28,-64,92.8,180,-Z,MON-R3-0272,1,UNKNOWN,UNKNOWN
302,MON-R3-0318,CT-05C-H096-c763985811,c0,20,-64,92.8,0,-Z,MON-R3-0278,1,UNKNOWN,UNKNOWN
303,MON-R3-0321,BR-02x03-H096,c1,40,-60,92.8,270,-Z,MON-R3-0286;MON-R3-0287;MON-R3-0288,6,UNKNOWN,UNKNOWN
304,MON-R3-0302,CT-04C-H096-15e33fd0c4,c3,-60,-56,92.8,0,-Z,MON-R3-0268,4,UNKNOWN,UNKNOWN
305,MON-R3-0305,BR-01x02-H096,c0,-52,-56,92.8,270,-Z,MON-R3-0268;MON-R3-0274,2,UNKNOWN,UNKNOWN
306,MON-R3-0314,BR-02x03-H096,c0,-4,-56,92.8,0,-Z,MON-R3-0279,6,UNKNOWN,UNKNOWN
307,MON-R3-0325,BR-01x03-H096,c3,56,-56,92.8,0,-Z,MON-R3-0291;MON-R3-0292,3,UNKNOWN,UNKNOWN
308,MON-R3-0303,CT-03C-H096-c1d6f05dcc,c0,-60,-44,92.8,180,-Z,MON-R3-0269,3,UNKNOWN,UNKNOWN
309,MON-R3-0323,CT-03C-H096-c1d6f05dcc,c0,52,-44,92.8,270,-Z,MON-R3-0289,3,UNKNOWN,UNKNOWN
310,MON-R3-0297,BR-02x03-H096,c3,-76,-40,92.8,0,-Z,MON-R3-0264;MON-R3-0265,6,UNKNOWN,UNKNOWN
311,MON-R3-0326,BR-02x03-H096,c3,68,-40,92.8,0,-Z,MON-R3-0293,6,UNKNOWN,UNKNOWN
312,MON-R3-0298,BR-02x02-H096,c0,-76,-20,92.8,0,-Z,MON-R3-0265,4,UNKNOWN,UNKNOWN
313,MON-R3-0327,BR-02x02-H096,c0,68,-20,92.8,0,-Z,MON-R3-0294,4,UNKNOWN,UNKNOWN
314,MON-R3-0315,BR-02x08-H096,c0,-4,-12,92.8,0,-Z,MON-R3-0275;MON-R3-0279;MON-R3-0280;MON-R3-0281;MON-R3-0282,16,UNKNOWN,UNKNOWN
315,MON-R3-0299,BR-02x08-H096,c0,-52,-4,92.8,270,-Z,MON-R3-0265;MON-R3-0270;MON-R3-0275,16,UNKNOWN,UNKNOWN
316,MON-R3-0313,BR-01x02-H096,c0,-16,-4,92.8,0,-Z,MON-R3-0275,2,UNKNOWN,UNKNOWN
317,MON-R3-0317,BR-02x08-H096,c0,36,-4,92.8,270,-Z,MON-R3-0275;MON-R3-0283,16,UNKNOWN,UNKNOWN
318,MON-R3-0329,BR-01x02-H096,c0,72,-4,92.8,0,-Z,MON-R3-0283,2,UNKNOWN,UNKNOWN
319,MON-R3-0300,BR-01x02-H096,c0,-76,8,92.8,270,-Z,MON-R3-0265,2,UNKNOWN,UNKNOWN
320,MON-R3-0330,BR-02x08-H096,c0,84,12,92.8,0,-Z,MON-R3-0296,16,UNKNOWN,UNKNOWN
321,MON-R3-0301,BR-02x04-H096,c0,-76,28,92.8,0,-Z,MON-R3-0265;MON-R3-0266,8,UNKNOWN,UNKNOWN
322,MON-R3-0304,BR-02x04-H096,c0,-60,44,92.8,0,-Z,MON-R3-0267,4,UNKNOWN,UNKNOWN
323,MON-R3-0316,BR-02x06-H096,c0,-4,44,92.8,0,-Z,MON-R3-0282,12,UNKNOWN,UNKNOWN
324,MON-R3-0328,BR-02x04-H096,c0,68,44,92.8,0,-Z,MON-R3-0290;MON-R3-0295,8,UNKNOWN,UNKNOWN
325,MON-R3-0307,BR-02x04-H096,c0,-44,60,92.8,0,-Z,MON-R3-0271,4,UNKNOWN,UNKNOWN
326,MON-R3-0324,BR-02x04-H096,c0,52,60,92.8,0,-Z,MON-R3-0284;MON-R3-0290,8,UNKNOWN,UNKNOWN
327,MON-R3-0310,BR-01x02-H096,c0,-28,64,92.8,270,-Z,MON-R3-0271,2,UNKNOWN,UNKNOWN
328,MON-R3-0319,BR-01x02-H096,c0,20,64,92.8,270,-Z,MON-R3-0284,2,UNKNOWN,UNKNOWN
329,MON-R3-0322,BR-02x02-H096,c0,36,68,92.8,0,-Z,MON-R3-0284,4,UNKNOWN,UNKNOWN
330,MON-R3-0311,BR-02x08-H096,c0,-4,76,92.8,270,-Z,MON-R3-0271;MON-R3-0276;MON-R3-0282;MON-R3-0284,16,UNKNOWN,UNKNOWN
331,MON-R3-0344,BR-02x08-H096,c3,-4,-76,102.4,270,-Z,MON-R3-0306;MON-R3-0308;MON-R3-0309;MON-R3-0312;MON-R3-0318;MON-R3-0320,16,UNKNOWN,UNKNOWN
332,MON-R3-0342,BR-01x02-H096,c3,-36,-64,102.4,270,-Z,MON-R3-0306,2,UNKNOWN,UNKNOWN
333,MON-R3-0346,BR-01x06-H096,c0,-4,-64,102.4,270,-Z,MON-R3-0309;MON-R3-0314;MON-R3-0318,4,UNKNOWN,UNKNOWN
334,MON-R3-0354,BR-01x02-H096,c3,28,-64,102.4,270,-Z,MON-R3-0318;MON-R3-0321,2,UNKNOWN,UNKNOWN
335,MON-R3-0335,BR-02x03-H096,c3,-56,-60,102.4,270,-Z,MON-R3-0302;MON-R3-0305;MON-R3-0306,6,UNKNOWN,UNKNOWN
336,MON-R3-0355,BR-01x02-H096,c0,40,-60,102.4,0,-Z,MON-R3-0321,2,UNKNOWN,UNKNOWN
337,MON-R3-0358,CT-05C-H096-c763985811,c3,52,-56,102.4,180,-Z,MON-R3-0321;MON-R3-0325,5,UNKNOWN,UNKNOWN
338,MON-R3-0343,BR-04x06-H096,c0,-20,-44,102.4,270,-Z,MON-R3-0306;MON-R3-0309;MON-R3-0314;MON-R3-0315,11,UNKNOWN,UNKNOWN
339,MON-R3-0331,CT-07C-H096-e10d9a04a7,c3,-72,-40,102.4,90,-Z,MON-R3-0297;MON-R3-0302;MON-R3-0303,7,UNKNOWN,UNKNOWN
340,MON-R3-0336,CT-07C-H096-9fe7fee271,c0,-56,-40,102.4,180,-Z,MON-R3-0303,2,UNKNOWN,UNKNOWN
341,MON-R3-0351,BR-04x06-H096,c0,20,-36,102.4,0,-Z,MON-R3-0318;MON-R3-0321,3,UNKNOWN,UNKNOWN
342,MON-R3-0356,BR-02x04-H096,c0,44,-36,102.4,0,-Z,MON-R3-0323,2,UNKNOWN,UNKNOWN
343,MON-R3-0362,CT-07C-H096-19b018b623,c3,68,-36,102.4,0,-Z,MON-R3-0326;MON-R3-0327,7,UNKNOWN,UNKNOWN
344,MON-R3-0361,BR-01x03-H096,c0,56,-32,102.4,0,-Z,MON-R3-0323,1,UNKNOWN,UNKNOWN
345,MON-R3-0338,BR-01x06-H096,c0,-28,-24,102.4,270,-Z,MON-R3-0315,1,UNKNOWN,UNKNOWN
346,MON-R3-0349,CT-04C-H096-8e241044a8,c0,4,-16,102.4,0,-Z,MON-R3-0315;MON-R3-0317,4,UNKNOWN,UNKNOWN
347,MON-R3-0339,BR-02x06-H096,c0,-28,-12,102.4,270,-Z,MON-R3-0299;MON-R3-0313;MON-R3-0315,7,UNKNOWN,UNKNOWN
348,MON-R3-0332,CT-25C-H096-cba8834f53,c0,-68,-8,102.4,0,-Z,MON-R3-0297;MON-R3-0298;MON-R3-0299;MON-R3-0300;MON-R3-0301,17,UNKNOWN,UNKNOWN
349,MON-R3-0357,CT-25C-H096-5500434ce2,c0,60,-8,102.4,270,-Z,MON-R3-0317;MON-R3-0327;MON-R3-0329;MON-R3-0330,17,UNKNOWN,UNKNOWN
350,MON-R3-0352,BR-02x04-H096,c0,20,4,102.4,0,-Z,MON-R3-0317,4,UNKNOWN,UNKNOWN
351,MON-R3-0364,BR-01x06-H096,c0,88,4,102.4,0,-Z,MON-R3-0330,6,UNKNOWN,UNKNOWN
352,MON-R3-0353,CT-09C-H096-256f2a62e3,c0,28,8,102.4,180,-Z,MON-R3-0317,2,UNKNOWN,UNKNOWN
353,MON-R3-0340,BR-02x04-H096,c0,-44,12,102.4,0,-Z,MON-R3-0299,2,UNKNOWN,UNKNOWN
354,MON-R3-0345,BR-04x06-H096,c0,-12,12,102.4,270,-Z,MON-R3-0299;MON-R3-0313;MON-R3-0315;MON-R3-0316;MON-R3-0317,12,UNKNOWN,UNKNOWN
355,MON-R3-0363,BR-01x02-H096,c0,80,20,102.4,0,-Z,MON-R3-0330,2,UNKNOWN,UNKNOWN
356,MON-R3-0333,BR-01x04-H096,c0,-68,24,102.4,270,-Z,MON-R3-0301,2,UNKNOWN,UNKNOWN
357,MON-R3-0334,BR-02x08-H096,c0,-52,36,102.4,270,-Z,MON-R3-0301;MON-R3-0304,8,UNKNOWN,UNKNOWN
358,MON-R3-0347,BR-02x08-H096,c0,12,36,102.4,270,-Z,MON-R3-0316,4,UNKNOWN,UNKNOWN
359,MON-R3-0359,BR-04x06-H096,c0,60,36,102.4,0,-Z,MON-R3-0324;MON-R3-0328,12,UNKNOWN,UNKNOWN
360,MON-R3-0337,BR-02x02-H096,c0,-60,52,102.4,0,-Z,MON-R3-0304,4,UNKNOWN,UNKNOWN
361,MON-R3-0341,BR-04x06-H096,c0,-28,60,102.4,270,-Z,MON-R3-0307;MON-R3-0310;MON-R3-0311;MON-R3-0316,17,UNKNOWN,UNKNOWN
362,MON-R3-0350,BR-04x06-H096,c0,20,60,102.4,270,-Z,MON-R3-0311;MON-R3-0316;MON-R3-0319;MON-R3-0322,13,UNKNOWN,UNKNOWN
363,MON-R3-0360,BR-02x02-H096,c0,52,68,102.4,0,-Z,MON-R3-0324,4,UNKNOWN,UNKNOWN
364,MON-R3-0348,BR-01x06-H096,c0,4,80,102.4,270,-Z,MON-R3-0311,6,UNKNOWN,UNKNOWN
365,MON-R3-0373,BR-02x08-H096,c3,-4,-76,112.0,270,-Z,MON-R3-0344,16,UNKNOWN,UNKNOWN
366,MON-R3-0371,CT-05C-H096-c763985811,c3,-40,-60,112.0,90,-Z,MON-R3-0335;MON-R3-0342;MON-R3-0343,5,UNKNOWN,UNKNOWN
367,MON-R3-0374,CT-03C-H096-c1d6f05dcc,c0,-28,-60,112.0,180,-Z,MON-R3-0343;MON-R3-0346,3,UNKNOWN,UNKNOWN
368,MON-R3-0382,CT-03C-H096-c1d6f05dcc,c0,20,-60,112.0,270,-Z,MON-R3-0346;MON-R3-0351,3,UNKNOWN,UNKNOWN
369,MON-R3-0383,CT-09C-H096-1b75716a54,c3,40,-60,112.0,90,-Z,MON-R3-0351;MON-R3-0354;MON-R3-0355;MON-R3-0358,9,UNKNOWN,UNKNOWN
370,MON-R3-0367,BR-02x04-H096,c3,-60,-52,112.0,0,-Z,MON-R3-0331;MON-R3-0335;MON-R3-0336,8,UNKNOWN,UNKNOWN
371,MON-R3-0377,BR-02x06-H096,c0,-4,-44,112.0,0,-Z,MON-R3-0338;MON-R3-0343;MON-R3-0346;MON-R3-0349,12,UNKNOWN,UNKNOWN
372,MON-R3-0384,CT-03C-H096-c1d6f05dcc,c0,52,-44,112.0,270,-Z,MON-R3-0356;MON-R3-0361,3,UNKNOWN,UNKNOWN
373,MON-R3-0387,CT-06C-H096-834a107884,c3,64,-40,112.0,90,-Z,MON-R3-0358;MON-R3-0362,6,UNKNOWN,UNKNOWN
374,MON-R3-0368,BR-02x02-H096,c0,-60,-28,112.0,0,-Z,MON-R3-0332;MON-R3-0336,4,UNKNOWN,UNKNOWN
375,MON-R3-0378,BR-01x02-H096,c0,-4,-16,112.0,270,-Z,MON-R3-0339;MON-R3-0349,2,UNKNOWN,UNKNOWN
376,MON-R3-0365,BR-02x08-H096,c0,-76,-4,112.0,0,-Z,MON-R3-0331;MON-R3-0332;MON-R3-0333,16,UNKNOWN,UNKNOWN
377,MON-R3-0369,BR-02x06-H096,c0,-44,-4,112.0,270,-Z,MON-R3-0332;MON-R3-0339;MON-R3-0340;MON-R3-0345,12,UNKNOWN,UNKNOWN
378,MON-R3-0376,BR-02x08-H096,c0,12,-4,112.0,270,-Z,MON-R3-0339;MON-R3-0345;MON-R3-0349;MON-R3-0352;MON-R3-0353;MON-R3-0357,16,UNKNOWN,UNKNOWN
379,MON-R3-0385,BR-02x02-H096,c0,52,-4,112.0,0,-Z,MON-R3-0357,4,UNKNOWN,UNKNOWN
380,MON-R3-0389,CT-17C-H096-9b7af214e9,c0,68,0,112.0,180,-Z,MON-R3-0357;MON-R3-0359;MON-R3-0362,17,UNKNOWN,UNKNOWN
381,MON-R3-0391,BR-02x04-H096,c0,84,12,112.0,0,-Z,MON-R3-0357;MON-R3-0363;MON-R3-0364,8,UNKNOWN,UNKNOWN
382,MON-R3-0366,BR-02x02-H096,c0,-76,36,112.0,0,-Z,MON-R3-0334,4,UNKNOWN,UNKNOWN
383,MON-R3-0379,BR-02x08-H096,c0,-4,36,112.0,0,-Z,MON-R3-0341;MON-R3-0345;MON-R3-0347;MON-R3-0350,16,UNKNOWN,UNKNOWN
384,MON-R3-0390,BR-01x02-H096,c0,68,40,112.0,270,-Z,MON-R3-0359,2,UNKNOWN,UNKNOWN
385,MON-R3-0370,BR-02x04-H096,c0,-60,44,112.0,0,-Z,MON-R3-0334;MON-R3-0337,8,UNKNOWN,UNKNOWN
386,MON-R3-0386,BR-02x04-H096,c0,60,52,112.0,270,-Z,MON-R3-0359,8,UNKNOWN,UNKNOWN
387,MON-R3-0372,BR-02x04-H096,c0,-44,60,112.0,0,-Z,MON-R3-0341,8,UNKNOWN,UNKNOWN
388,MON-R3-0375,BR-02x03-H096,c0,-24,68,112.0,270,-Z,MON-R3-0341,6,UNKNOWN,UNKNOWN
389,MON-R3-0381,BR-02x06-H096,c0,28,68,112.0,270,-Z,MON-R3-0350;MON-R3-0360,12,UNKNOWN,UNKNOWN
390,MON-R3-0388,BR-01x02-H096,c0,56,68,112.0,0,-Z,MON-R3-0360,2,UNKNOWN,UNKNOWN
391,MON-R3-0380,CT-04C-H096-a6bced9f60,c0,0,76,112.0,270,-Z,MON-R3-0341;MON-R3-0348;MON-R3-0350,4,UNKNOWN,UNKNOWN
392,MON-R3-0401,CT-17C-H096-b738ac4977,c3,-4,-72,121.6,90,-Z,MON-R3-0373;MON-R3-0377,17,UNKNOWN,UNKNOWN
393,MON-R3-0402,BR-01x02-H096,c3,-28,-64,121.6,270,-Z,MON-R3-0371;MON-R3-0374,2,UNKNOWN,UNKNOWN
394,MON-R3-0408,BR-01x02-H096,c3,20,-64,121.6,270,-Z,MON-R3-0382;MON-R3-0383,2,UNKNOWN,UNKNOWN
395,MON-R3-0396,BR-02x04-H096,c3,-52,-60,121.6,270,-Z,MON-R3-0367;MON-R3-0371,8,UNKNOWN,UNKNOWN
396,MON-R3-0404,CT-03C-H096-c1d6f05dcc,c0,-4,-60,121.6,270,-Z,MON-R3-0377,3,UNKNOWN,UNKNOWN
397,MON-R3-0411,BR-02x04-H096,c3,44,-60,121.6,270,-Z,MON-R3-0383,8,UNKNOWN,UNKNOWN
398,MON-R3-0403,BR-01x02-H096,c0,-28,-56,121.6,270,-Z,MON-R3-0374,2,UNKNOWN,UNKNOWN
399,MON-R3-0409,BR-01x02-H096,c0,20,-56,121.6,270,-Z,MON-R3-0382,2,UNKNOWN,UNKNOWN
400,MON-R3-0397,CT-03C-H096-c1d6f05dcc,c3,-60,-44,121.6,90,-Z,MON-R3-0367,3,UNKNOWN,UNKNOWN
401,MON-R3-0413,BR-01x02-H096,c0,48,-44,121.6,0,-Z,MON-R3-0384,2,UNKNOWN,UNKNOWN
402,MON-R3-0415,BR-02x03-H096,c3,64,-44,121.6,270,-Z,MON-R3-0384;MON-R3-0387,6,UNKNOWN,UNKNOWN
403,MON-R3-0398,CT-07C-H096-48e06b5e1e,c0,-60,-28,121.6,0,-Z,MON-R3-0367;MON-R3-0368,5,UNKNOWN,UNKNOWN
404,MON-R3-0416,BR-01x03-H096,c0,64,-24,121.6,0,-Z,MON-R3-0387;MON-R3-0389,3,UNKNOWN,UNKNOWN
405,MON-R3-0405,BR-02x08-H096,c0,-4,-20,121.6,0,-Z,MON-R3-0376;MON-R3-0377;MON-R3-0378;MON-R3-0379,16,UNKNOWN,UNKNOWN
406,MON-R3-0392,CT-04C-H096-15e33fd0c4,c0,-76,-8,121.6,0,-Z,MON-R3-0365,4,UNKNOWN,UNKNOWN
407,MON-R3-0395,BR-02x08-H096,c0,-44,-4,121.6,270,-Z,MON-R3-0365;MON-R3-0369;MON-R3-0376,16,UNKNOWN,UNKNOWN
408,MON-R3-0407,BR-02x08-H096,c0,36,-4,121.6,270,-Z,MON-R3-0376;MON-R3-0385;MON-R3-0389,16,UNKNOWN,UNKNOWN
409,MON-R3-0418,BR-01x08-H096,c0,72,-4,121.6,0,-Z,MON-R3-0389,8,UNKNOWN,UNKNOWN
410,MON-R3-0419,BR-02x02-H096,c0,84,4,121.6,0,-Z,MON-R3-0391,4,UNKNOWN,UNKNOWN
411,MON-R3-0393,BR-02x03-H096,c0,-76,16,121.6,0,-Z,MON-R3-0365,6,UNKNOWN,UNKNOWN
412,MON-R3-0417,BR-01x03-H096,c0,64,16,121.6,0,-Z,MON-R3-0389,3,UNKNOWN,UNKNOWN
413,MON-R3-0394,BR-02x04-H096,c0,-68,36,121.6,270,-Z,MON-R3-0366;MON-R3-0370,8,UNKNOWN,UNKNOWN
414,MON-R3-0406,BR-02x06-H096,c0,-4,36,121.6,0,-Z,MON-R3-0379,12,UNKNOWN,UNKNOWN
415,MON-R3-0414,BR-02x04-H096,c0,60,36,121.6,270,-Z,MON-R3-0389;MON-R3-0390,4,UNKNOWN,UNKNOWN
416,MON-R3-0399,BR-02x04-H096,c0,-52,52,121.6,270,-Z,MON-R3-0370;MON-R3-0372,8,UNKNOWN,UNKNOWN
417,MON-R3-0412,BR-02x04-H096,c0,44,52,121.6,270,-Z,MON-R3-0386,4,UNKNOWN,UNKNOWN
418,MON-R3-0400,BR-02x08-H096,c0,-20,68,121.6,270,-Z,MON-R3-0372;MON-R3-0375;MON-R3-0379;MON-R3-0380;MON-R3-0381,16,UNKNOWN,UNKNOWN
419,MON-R3-0410,BR-02x04-H096,c0,28,68,121.6,270,-Z,MON-R3-0381,8,UNKNOWN,UNKNOWN
420,MON-R3-0424,BR-01x02-H096,c3,-44,-64,131.2,270,-Z,MON-R3-0396,2,UNKNOWN,UNKNOWN
421,MON-R3-0437,BR-01x02-H096,c3,36,-64,131.2,270,-Z,MON-R3-0411,2,UNKNOWN,UNKNOWN
422,MON-R3-0428,BR-02x08-H096,c0,-4,-60,131.2,270,-Z,MON-R3-0401;MON-R3-0402;MON-R3-0403;MON-R3-0404;MON-R3-0408;MON-R3-0409,12,UNKNOWN,UNKNOWN
423,MON-R3-0439,BR-02x02-H096,c3,52,-60,131.2,0,-Z,MON-R3-0411,4,UNKNOWN,UNKNOWN
424,MON-R3-0438,BR-01x02-H096,c0,36,-56,131.2,270,-Z,MON-R3-0411,2,UNKNOWN,UNKNOWN
425,MON-R3-0425,BR-02x03-H096,c0,-44,-48,131.2,0,-Z,MON-R3-0396,2,UNKNOWN,UNKNOWN
426,MON-R3-0431,BR-02x04-H096,c0,-4,-36,131.2,0,-Z,MON-R3-0405,8,UNKNOWN,UNKNOWN
427,MON-R3-0440,BR-02x04-H096,c0,52,-36,131.2,0,-Z,MON-R3-0413;MON-R3-0415,4,UNKNOWN,UNKNOWN
428,MON-R3-0421,BR-02x06-H096,c0,-60,-28,131.2,0,-Z,MON-R3-0395;MON-R3-0397;MON-R3-0398,12,UNKNOWN,UNKNOWN
429,MON-R3-0432,BR-01x02-H096,c0,-4,-16,131.2,270,-Z,MON-R3-0405,2,UNKNOWN,UNKNOWN
430,MON-R3-0442,CT-08C-H096-385592b6ac,c0,68,-16,131.2,180,-Z,MON-R3-0416;MON-R3-0418,8,UNKNOWN,UNKNOWN
431,MON-R3-0426,BR-02x08-H096,c0,-20,-4,131.2,270,-Z,MON-R3-0395;MON-R3-0405;MON-R3-0407,16,UNKNOWN,UNKNOWN
432,MON-R3-0435,BR-02x06-H096,c0,36,-4,131.2,270,-Z,MON-R3-0407,12,UNKNOWN,UNKNOWN
433,MON-R3-0443,BR-01x02-H096,c3,64,-4,131.2,0,-Z,MON-R3-0407,2,UNKNOWN,UNKNOWN
434,MON-R3-0422,BR-01x02-H096,c0,-60,0,131.2,270,-Z,MON-R3-0395,2,UNKNOWN,UNKNOWN
435,MON-R3-0420,BR-02x06-H096,c0,-76,4,131.2,0,-Z,MON-R3-0392;MON-R3-0393;MON-R3-0395,12,UNKNOWN,UNKNOWN
436,MON-R3-0444,BR-02x04-H096,c0,68,20,131.2,0,-Z,MON-R3-0414;MON-R3-0417;MON-R3-0418,8,UNKNOWN,UNKNOWN
437,MON-R3-0423,BR-02x04-H096,c0,-60,28,131.2,0,-Z,MON-R3-0394,4,UNKNOWN,UNKNOWN
438,MON-R3-0433,BR-02x08-H096,c0,-4,36,131.2,0,-Z,MON-R3-0400;MON-R3-0405;MON-R3-0406,16,UNKNOWN,UNKNOWN
439,MON-R3-0441,BR-02x02-H096,c0,52,36,131.2,0,-Z,MON-R3-0414,4,UNKNOWN,UNKNOWN
440,MON-R3-0445,BR-01x02-H096,c0,68,40,131.2,270,-Z,MON-R3-0414,2,UNKNOWN,UNKNOWN
441,MON-R3-0427,BR-02x04-H096,c0,-44,44,131.2,0,-Z,MON-R3-0399,4,UNKNOWN,UNKNOWN
442,MON-R3-0436,BR-02x06-H096,c0,36,52,131.2,270,-Z,MON-R3-0412,8,UNKNOWN,UNKNOWN
443,MON-R3-0429,BR-02x04-H096,c0,-28,60,131.2,0,-Z,MON-R3-0400,4,UNKNOWN,UNKNOWN
444,MON-R3-0430,CT-04C-H096-15e33fd0c4,c0,-8,68,131.2,270,-Z,MON-R3-0400,4,UNKNOWN,UNKNOWN
445,MON-R3-0434,BR-02x03-H096,c0,16,68,131.2,270,-Z,MON-R3-0400;MON-R3-0410,6,UNKNOWN,UNKNOWN
446,MON-R3-0456,BR-02x03-H096,c0,-24,-60,140.8,270,-Z,MON-R3-0428,6,UNKNOWN,UNKNOWN
447,MON-R3-0461,BR-02x04-H096,c0,20,-60,140.8,270,-Z,MON-R3-0428;MON-R3-0437;MON-R3-0438,8,UNKNOWN,UNKNOWN
448,MON-R3-0466,BR-01x02-H096,c0,40,-60,140.8,0,-Z,MON-R3-0437;MON-R3-0438,2,UNKNOWN,UNKNOWN
449,MON-R3-0453,BR-02x04-H096,c0,-36,-44,140.8,270,-Z,MON-R3-0425,4,UNKNOWN,UNKNOWN
450,MON-R3-0464,BR-02x04-H096,c0,44,-44,140.8,270,-Z,MON-R3-0440,4,UNKNOWN,UNKNOWN
451,MON-R3-0458,BR-02x08-H096,c0,-4,-36,140.8,0,-Z,MON-R3-0426;MON-R3-0428;MON-R3-0431;MON-R3-0432,16,UNKNOWN,UNKNOWN
452,MON-R3-0449,BR-02x04-H096,c0,-52,-28,140.8,270,-Z,MON-R3-0421,4,UNKNOWN,UNKNOWN
453,MON-R3-0467,BR-02x03-H096,c0,52,-24,140.8,0,-Z,MON-R3-0440,4,UNKNOWN,UNKNOWN
454,MON-R3-0450,BR-01x02-H096,c0,-60,-16,140.8,270,-Z,MON-R3-0421,2,UNKNOWN,UNKNOWN
455,MON-R3-0470,BR-01x02-H096,c0,68,-16,140.8,270,-Z,MON-R3-0442,2,UNKNOWN,UNKNOWN
456,MON-R3-0446,CT-03C-H096-c1d6f05dcc,c3,-76,-12,140.8,90,-Z,MON-R3-0420,3,UNKNOWN,UNKNOWN
457,MON-R3-0451,BR-02x06-H096,c0,-44,-4,140.8,270,-Z,MON-R3-0421;MON-R3-0422;MON-R3-0426,12,UNKNOWN,UNKNOWN
458,MON-R3-0457,BR-01x02-H096,c0,-16,-4,140.8,0,-Z,MON-R3-0426,2,UNKNOWN,UNKNOWN
459,MON-R3-0462,BR-02x06-H096,c0,28,-4,140.8,270,-Z,MON-R3-0426;MON-R3-0435,12,UNKNOWN,UNKNOWN
460,MON-R3-0469,CT-03C-H096-c1d6f05dcc,c0,60,-4,140.8,270,-Z,MON-R3-0435;MON-R3-0443,3,UNKNOWN,UNKNOWN
461,MON-R3-0471,CT-03C-H096-c1d6f05dcc,c3,68,-4,140.8,90,-Z,MON-R3-0442;MON-R3-0443,3,UNKNOWN,UNKNOWN
462,MON-R3-0447,CT-05C-H096-c763985811,c0,-76,0,140.8,0,-Z,MON-R3-0420,5,UNKNOWN,UNKNOWN
463,MON-R3-0472,CT-06C-H096-31129ef203,c0,76,4,140.8,270,-Z,MON-R3-0444,2,UNKNOWN,UNKNOWN
464,MON-R3-0448,BR-02x04-H096,c0,-68,20,140.8,270,-Z,MON-R3-0420;MON-R3-0423,8,UNKNOWN,UNKNOWN
465,MON-R3-0459,BR-02x06-H096,c0,-4,20,140.8,0,-Z,MON-R3-0426;MON-R3-0433,12,UNKNOWN,UNKNOWN
466,MON-R3-0468,BR-02x04-H096,c0,60,20,140.8,270,-Z,MON-R3-0444,4,UNKNOWN,UNKNOWN
467,MON-R3-0452,BR-02x04-H096,c0,-52,36,140.8,270,-Z,MON-R3-0423;MON-R3-0427,8,UNKNOWN,UNKNOWN
468,MON-R3-0465,BR-02x04-H096,c0,44,36,140.8,270,-Z,MON-R3-0441,4,UNKNOWN,UNKNOWN
469,MON-R3-0454,BR-01x02-H096,c0,-48,52,140.8,0,-Z,MON-R3-0427,2,UNKNOWN,UNKNOWN
470,MON-R3-0455,BR-02x08-H096,c0,-12,52,140.8,270,-Z,MON-R3-0427;MON-R3-0429;MON-R3-0433;MON-R3-0436,12,UNKNOWN,UNKNOWN
471,MON-R3-0463,BR-02x03-H096,c0,32,52,140.8,270,-Z,MON-R3-0436,6,UNKNOWN,UNKNOWN
472,MON-R3-0460,BR-02x02-H096,c0,4,68,140.8,0,-Z,MON-R3-0430;MON-R3-0433;MON-R3-0434,4,UNKNOWN,UNKNOWN
473,MON-R3-0479,BR-01x09-H096,c0,0,-48,150.4,270,-Z,MON-R3-0453;MON-R3-0458;MON-R3-0464,5,UNKNOWN,UNKNOWN
474,MON-R3-0485,CT-05C-H096-7ede4fdf04,c0,36,-40,150.4,180,-Z,MON-R3-0464,3,UNKNOWN,UNKNOWN
475,MON-R3-0489,BR-01x02-H096,c0,52,-32,150.4,270,-Z,MON-R3-0467,2,UNKNOWN,UNKNOWN
476,MON-R3-0476,CT-08C-H096-7668c4598f,c0,-48,-20,150.4,180,-Z,MON-R3-0449;MON-R3-0450;MON-R3-0451,6,UNKNOWN,UNKNOWN
477,MON-R3-0480,BR-04x06-H096,c0,-20,-20,150.4,0,-Z,MON-R3-0451;MON-R3-0453;MON-R3-0457;MON-R3-0458;MON-R3-0459,14,UNKNOWN,UNKNOWN
478,MON-R3-0483,BR-04x06-H096,c0,12,-20,150.4,0,-Z,MON-R3-0458;MON-R3-0459;MON-R3-0462,12,UNKNOWN,UNKNOWN
479,MON-R3-0473,CT-07C-H096-e10d9a04a7,c3,-72,-8,150.4,90,-Z,MON-R3-0446;MON-R3-0447;MON-R3-0450;MON-R3-0451,7,UNKNOWN,UNKNOWN
480,MON-R3-0477,BR-01x02-H096,c3,-52,-8,150.4,270,-Z,MON-R3-0451,2,UNKNOWN,UNKNOWN
481,MON-R3-0490,CT-05C-H096-c763985811,c3,68,-8,150.4,180,-Z,MON-R3-0470;MON-R3-0471,5,UNKNOWN,UNKNOWN
482,MON-R3-0486,BR-04x06-H096,c0,44,-4,150.4,0,-Z,MON-R3-0462;MON-R3-0467;MON-R3-0468;MON-R3-0469,14,UNKNOWN,UNKNOWN
483,MON-R3-0474,CT-03C-H096-c1d6f05dcc,c0,-76,4,150.4,270,-Z,MON-R3-0447,3,UNKNOWN,UNKNOWN
484,MON-R3-0492,BR-02x02-H096,c0,84,4,150.4,0,-Z,MON-R3-0472,4,UNKNOWN,UNKNOWN
485,MON-R3-0475,BR-04x04-H096,c0,-52,12,150.4,0,-Z,MON-R3-0448;MON-R3-0451,8,UNKNOWN,UNKNOWN
486,MON-R3-0491,CT-07C-H096-48e06b5e1e,c0,68,12,150.4,0,-Z,MON-R3-0468;MON-R3-0469;MON-R3-0472,7,UNKNOWN,UNKNOWN
487,MON-R3-0481,BR-04x06-H096,c0,-20,28,150.4,0,-Z,MON-R3-0455;MON-R3-0459,9,UNKNOWN,UNKNOWN
488,MON-R3-0484,BR-04x06-H096,c0,12,28,150.4,0,-Z,MON-R3-0455;MON-R3-0459;MON-R3-0463,9,UNKNOWN,UNKNOWN
489,MON-R3-0487,BR-02x04-H096,c0,44,28,150.4,270,-Z,MON-R3-0465;MON-R3-0468,6,UNKNOWN,UNKNOWN
490,MON-R3-0478,BR-02x02-H096,c0,-44,36,150.4,0,-Z,MON-R3-0452,4,UNKNOWN,UNKNOWN
491,MON-R3-0488,BR-01x04-H096,c0,44,40,150.4,270,-Z,MON-R3-0465,4,UNKNOWN,UNKNOWN
492,MON-R3-0482,BR-01x08-H096,c0,-4,56,150.4,270,-Z,MON-R3-0455;MON-R3-0463,8,UNKNOWN,UNKNOWN
493,MON-R3-0501,BR-02x04-H096,c0,-4,-44,160.0,270,-Z,MON-R3-0479;MON-R3-0480;MON-R3-0483,8,UNKNOWN,UNKNOWN
494,MON-R3-0499,BR-01x02-H096,c0,-32,-28,160.0,0,-Z,MON-R3-0480,2,UNKNOWN,UNKNOWN
495,MON-R3-0500,BR-02x08-H096,c0,4,-28,160.0,270,-Z,MON-R3-0480;MON-R3-0483;MON-R3-0485;MON-R3-0486,16,UNKNOWN,UNKNOWN
496,MON-R3-0507,CT-04C-H096-15e33fd0c4,c0,36,-24,160.0,180,-Z,MON-R3-0485;MON-R3-0486,4,UNKNOWN,UNKNOWN
497,MON-R3-0497,BR-01x04-H096,c0,-36,-16,160.0,270,-Z,MON-R3-0476;MON-R3-0480,4,UNKNOWN,UNKNOWN
498,MON-R3-0503,BR-01x02-H096,c0,-4,-16,160.0,270,-Z,MON-R3-0480;MON-R3-0483,2,UNKNOWN,UNKNOWN
499,MON-R3-0493,BR-02x04-H096,c3,-68,-12,160.0,270,-Z,MON-R3-0473;MON-R3-0476;MON-R3-0477,8,UNKNOWN,UNKNOWN
500,MON-R3-0508,CT-09C-H096-5ba1c77317,c3,60,-8,160.0,90,-Z,MON-R3-0486;MON-R3-0490,9,UNKNOWN,UNKNOWN
501,MON-R3-0498,BR-02x08-H096,c0,-20,-4,160.0,270,-Z,MON-R3-0475;MON-R3-0476;MON-R3-0477;MON-R3-0480;MON-R3-0483,16,UNKNOWN,UNKNOWN
502,MON-R3-0505,BR-02x04-H096,c0,28,-4,160.0,270,-Z,MON-R3-0483;MON-R3-0486,8,UNKNOWN,UNKNOWN
503,MON-R3-0509,BR-01x03-H096,c0,56,0,160.0,270,-Z,MON-R3-0486;MON-R3-0491,3,UNKNOWN,UNKNOWN
504,MON-R3-0494,BR-02x04-H096,c0,-68,4,160.0,270,-Z,MON-R3-0473;MON-R3-0474;MON-R3-0475,8,UNKNOWN,UNKNOWN
505,MON-R3-0511,BR-02x02-H096,c0,84,4,160.0,0,-Z,MON-R3-0492,4,UNKNOWN,UNKNOWN
506,MON-R3-0504,BR-01x02-H096,c0,-4,8,160.0,270,-Z,MON-R3-0481;MON-R3-0484,2,UNKNOWN,UNKNOWN
507,MON-R3-0510,BR-01x02-H096,c0,68,8,160.0,270,-Z,MON-R3-0491,2,UNKNOWN,UNKNOWN
508,MON-R3-0495,BR-01x02-H096,c0,-64,20,160.0,0,-Z,MON-R3-0475,2,UNKNOWN,UNKNOWN
509,MON-R3-0496,BR-02x08-H096,c0,-28,20,160.0,270,-Z,MON-R3-0475;MON-R3-0481;MON-R3-0484,16,UNKNOWN,UNKNOWN
510,MON-R3-0506,BR-02x08-H096,c0,44,20,160.0,270,-Z,MON-R3-0484;MON-R3-0486;MON-R3-0487;MON-R3-0491,16,UNKNOWN,UNKNOWN
511,MON-R3-0502,BR-02x06-H096,c0,4,36,160.0,270,-Z,MON-R3-0481;MON-R3-0484,12,UNKNOWN,UNKNOWN
512,MON-R3-0512,BR-01x02-H096,c3,-76,-16,169.6,270,-Z,MON-R3-0493,2,UNKNOWN,UNKNOWN
513,MON-R3-0516,CT-05C-H096-7ede4fdf04,c0,56,-12,169.6,270,-Z,MON-R3-0508,5,UNKNOWN,UNKNOWN
514,MON-R3-0518,CT-03C-H096-c1d6f05dcc,c3,68,-12,169.6,90,-Z,MON-R3-0508,3,UNKNOWN,UNKNOWN
515,MON-R3-0513,BR-02x03-H096,c0,-76,0,169.6,0,-Z,MON-R3-0493;MON-R3-0494,6,UNKNOWN,UNKNOWN
516,MON-R3-0514,BR-02x06-H096,c0,-60,4,169.6,0,-Z,MON-R3-0493;MON-R3-0494;MON-R3-0495;MON-R3-0496,12,UNKNOWN,UNKNOWN
517,MON-R3-0515,BR-02x02-H096,c0,-44,4,169.6,0,-Z,MON-R3-0498,2,UNKNOWN,UNKNOWN
518,MON-R3-0519,BR-02x02-H096,c0,84,4,169.6,0,-Z,MON-R3-0511,4,UNKNOWN,UNKNOWN
519,MON-R3-0517,BR-04x04-H096,c0,60,12,169.6,0,-Z,MON-R3-0506;MON-R3-0508;MON-R3-0509;MON-R3-0510,14,UNKNOWN,UNKNOWN
