part_id,type_id,color_id,color,hex,step,bottom_z_mm,body_height_mm,x_mm,y_mm,rotation_z_deg,role,small_exception,status
MON-R3-0001,PL-02x04-H032,c0,Purple,#5E43B7,1,0.0,3.2,-52,-60,270,foundation-plate,False,DIGITAL_PROTOTYPE_NOT_PHYSICALLY_TESTED
MON-R3-0002,PL-02x04-H032,c0,Purple,#5E43B7,2,0.0,3.2,-20,-60,270,foundation-plate,False,DIGITAL_PROTOTYPE_NOT_PHYSICALLY_TESTED
MON-R3-0003,PL-02x04-H032,c0,Purple,#5E43B7,3,0.0,3.2,12,-60,270,foundation-plate,False,DIGITAL_PROTOTYPE_NOT_PHYSICALLY_TESTED
MON-R3-0004,PL-02x04-H032,c0,Purple,#5E43B7,4,0.0,3.2,44,-60,270,foundation-plate,False,DIGITAL_PROTOTYPE_NOT_PHYSICALLY_TESTED
MON-R3-0005,PL-02x04-H032,c0,Purple,#5E43B7,5,0.0,3.2,-52,-44,270,foundation-plate,False,DIGITAL_PROTOTYPE_NOT_PHYSICALLY_TESTED
MON-R3-0006,PL-02x04-H032,c0,Purple,#5E43B7,6,0.0,3.2,-20,-44,270,foundation-plate,False,DIGITAL_PROTOTYPE_NOT_PHYSICALLY_TESTED
MON-R3-0007,PL-02x04-H032,c0,Purple,#5E43B7,7,0.0,3.2,12,-44,270,foundation-plate,False,DIGITAL_PROTOTYPE_NOT_PHYSICALLY_TESTED
MON-R3-0008,PL-02x04-H032,c0,Purple,#5E43B7,8,0.0,3.2,44,-44,270,foundation-plate,False,DIGITAL_PROTOTYPE_NOT_PHYSICALLY_TESTED
MON-R3-0009,PL-02x04-H032,c0,Purple,#5E43B7,9,0.0,3.2,-52,-28,270,foundation-plate,False,DIGITAL_PROTOTYPE_NOT_PHYSICALLY_TESTED
MON-R3-0010,PL-02x04-H032,c0,Purple,#5E43B7,10,0.0,3.2,-20,-28,270,foundation-plate,False,DIGITAL_PROTOTYPE_NOT_PHYSICALLY_TESTED
MON-R3-0011,PL-02x04-H032,c0,Purple,#5E43B7,11,0.0,3.2,12,-28,270,foundation-plate,False,DIGITAL_PROTOTYPE_NOT_PHYSICALLY_TESTED
MON-R3-0012,PL-02x04-H032,c0,Purple,#5E43B7,12,0.0,3.2,44,-28,270,foundation-plate,False,DIGITAL_PROTOTYPE_NOT_PHYSICALLY_TESTED
MON-R3-0013,PL-02x04-H032,c0,Purple,#5E43B7,13,0.0,3.2,-52,-12,270,foundation-plate,False,DIGITAL_PROTOTYPE_NOT_PHYSICALLY_TESTED
MON-R3-0014,PL-02x04-H032,c0,Purple,#5E43B7,14,0.0,3.2,-20,-12,270,foundation-plate,False,DIGITAL_PROTOTYPE_NOT_PHYSICALLY_TESTED
MON-R3-0015,PL-02x04-H032,c0,Purple,#5E43B7,15,0.0,3.2,12,-12,270,foundation-plate,False,DIGITAL_PROTOTYPE_NOT_PHYSICALLY_TESTED
MON-R3-0016,PL-02x04-H032,c0,Purple,#5E43B7,16,0.0,3.2,44,-12,270,foundation-plate,False,DIGITAL_PROTOTYPE_NOT_PHYSICALLY_TESTED
MON-R3-0017,PL-02x04-H032,c0,Purple,#5E43B7,17,0.0,3.2,-52,4,270,foundation-plate,False,DIGITAL_PROTOTYPE_NOT_PHYSICALLY_TESTED
MON-R3-0018,PL-02x04-H032,c0,Purple,#5E43B7,18,0.0,3.2,-20,4,270,foundation-plate,False,DIGITAL_PROTOTYPE_NOT_PHYSICALLY_TESTED
MON-R3-0019,PL-02x04-H032,c0,Purple,#5E43B7,19,0.0,3.2,12,4,270,foundation-plate,False,DIGITAL_PROTOTYPE_NOT_PHYSICALLY_TESTED
MON-R3-0020,PL-02x04-H032,c0,Purple,#5E43B7,20,0.0,3.2,44,4,270,foundation-plate,False,DIGITAL_PROTOTYPE_NOT_PHYSICALLY_TESTED
MON-R3-0021,PL-02x04-H032,c0,Purple,#5E43B7,21,0.0,3.2,-52,20,270,foundation-plate,False,DIGITAL_PROTOTYPE_NOT_PHYSICALLY_TESTED
MON-R3-0022,PL-02x04-H032,c0,Purple,#5E43B7,22,0.0,3.2,-20,20,270,foundation-plate,False,DIGITAL_PROTOTYPE_NOT_PHYSICALLY_TESTED
MON-R3-0023,PL-02x04-H032,c0,Purple,#5E43B7,23,0.0,3.2,12,20,270,foundation-plate,False,DIGITAL_PROTOTYPE_NOT_PHYSICALLY_TESTED
MON-R3-0024,PL-02x04-H032,c0,Purple,#5E43B7,24,0.0,3.2,44,20,270,foundation-plate,False,DIGITAL_PROTOTYPE_NOT_PHYSICALLY_TESTED
MON-R3-0025,PL-02x04-H032,c0,Purple,#5E43B7,25,0.0,3.2,-52,36,270,foundation-plate,False,DIGITAL_PROTOTYPE_NOT_PHYSICALLY_TESTED
MON-R3-0026,PL-02x04-H032,c0,Purple,#5E43B7,26,0.0,3.2,-20,36,270,foundation-plate,False,DIGITAL_PROTOTYPE_NOT_PHYSICALLY_TESTED
MON-R3-0027,PL-02x04-H032,c0,Purple,#5E43B7,27,0.0,3.2,12,36,270,foundation-plate,False,DIGITAL_PROTOTYPE_NOT_PHYSICALLY_TESTED
MON-R3-0028,PL-02x04-H032,c0,Purple,#5E43B7,28,0.0,3.2,44,36,270,foundation-plate,False,DIGITAL_PROTOTYPE_NOT_PHYSICALLY_TESTED
MON-R3-0031,PL-02x02-H032,c0,Purple,#5E43B7,29,3.2,3.2,-52,-60,0,foundation-plate,False,DIGITAL_PROTOTYPE_NOT_PHYSICALLY_TESTED
MON-R3-0036,PL-02x02-H032,c0,Purple,#5E43B7,30,3.2,3.2,-20,-60,0,foundation-plate,False,DIGITAL_PROTOTYPE_NOT_PHYSICALLY_TESTED
MON-R3-0041,PL-02x02-H032,c0,Purple,#5E43B7,31,3.2,3.2,12,-60,0,foundation-plate,False,DIGITAL_PROTOTYPE_NOT_PHYSICALLY_TESTED
MON-R3-0046,PL-02x02-H032,c0,Purple,#5E43B7,32,3.2,3.2,44,-60,0,foundation-plate,False,DIGITAL_PROTOTYPE_NOT_PHYSICALLY_TESTED
MON-R3-0029,PL-01x08-H032,c0,Purple,#5E43B7,33,3.2,3.2,-64,-36,0,foundation-plate,False,DIGITAL_PROTOTYPE_NOT_PHYSICALLY_TESTED
MON-R3-0034,PL-02x08-H032,c0,Purple,#5E43B7,34,3.2,3.2,-36,-36,0,foundation-plate,False,DIGITAL_PROTOTYPE_NOT_PHYSICALLY_TESTED
MON-R3-0039,PL-02x08-H032,c0,Purple,#5E43B7,35,3.2,3.2,-4,-36,0,foundation-plate,False,DIGITAL_PROTOTYPE_NOT_PHYSICALLY_TESTED
MON-R3-0044,PL-02x08-H032,c0,Purple,#5E43B7,36,3.2,3.2,28,-36,0,foundation-plate,False,DIGITAL_PROTOTYPE_NOT_PHYSICALLY_TESTED
MON-R3-0049,PL-01x08-H032,c0,Purple,#5E43B7,37,3.2,3.2,56,-36,0,foundation-plate,False,DIGITAL_PROTOTYPE_NOT_PHYSICALLY_TESTED
MON-R3-0032,PL-02x08-H032,c0,Purple,#5E43B7,38,3.2,3.2,-52,-20,0,foundation-plate,False,DIGITAL_PROTOTYPE_NOT_PHYSICALLY_TESTED
MON-R3-0037,PL-02x08-H032,c0,Purple,#5E43B7,39,3.2,3.2,-20,-20,0,foundation-plate,False,DIGITAL_PROTOTYPE_NOT_PHYSICALLY_TESTED
MON-R3-0042,PL-02x08-H032,c0,Purple,#5E43B7,40,3.2,3.2,12,-20,0,foundation-plate,False,DIGITAL_PROTOTYPE_NOT_PHYSICALLY_TESTED
MON-R3-0047,PL-02x08-H032,c0,Purple,#5E43B7,41,3.2,3.2,44,-20,0,foundation-plate,False,DIGITAL_PROTOTYPE_NOT_PHYSICALLY_TESTED
MON-R3-0030,PL-01x06-H032,c0,Purple,#5E43B7,42,3.2,3.2,-64,20,0,foundation-plate,False,DIGITAL_PROTOTYPE_NOT_PHYSICALLY_TESTED
MON-R3-0035,PL-02x06-H032,c0,Purple,#5E43B7,43,3.2,3.2,-36,20,0,foundation-plate,False,DIGITAL_PROTOTYPE_NOT_PHYSICALLY_TESTED
MON-R3-0040,PL-02x06-H032,c0,Purple,#5E43B7,44,3.2,3.2,-4,20,0,foundation-plate,False,DIGITAL_PROTOTYPE_NOT_PHYSICALLY_TESTED
MON-R3-0045,PL-02x06-H032,c0,Purple,#5E43B7,45,3.2,3.2,28,20,0,foundation-plate,False,DIGITAL_PROTOTYPE_NOT_PHYSICALLY_TESTED
MON-R3-0050,PL-01x06-H032,c0,Purple,#5E43B7,46,3.2,3.2,56,20,0,foundation-plate,False,DIGITAL_PROTOTYPE_NOT_PHYSICALLY_TESTED
MON-R3-0033,PL-02x04-H032,c0,Purple,#5E43B7,47,3.2,3.2,-52,28,0,foundation-plate,False,DIGITAL_PROTOTYPE_NOT_PHYSICALLY_TESTED
MON-R3-0038,PL-02x04-H032,c0,Purple,#5E43B7,48,3.2,3.2,-20,28,0,foundation-plate,False,DIGITAL_PROTOTYPE_NOT_PHYSICALLY_TESTED
MON-R3-0043,PL-02x04-H032,c0,Purple,#5E43B7,49,3.2,3.2,12,28,0,foundation-plate,False,DIGITAL_PROTOTYPE_NOT_PHYSICALLY_TESTED
MON-R3-0048,PL-02x04-H032,c0,Purple,#5E43B7,50,3.2,3.2,44,28,0,foundation-plate,False,DIGITAL_PROTOTYPE_NOT_PHYSICALLY_TESTED
MON-R3-0056,BR-02x04-H096,c0,Purple,#5E43B7,51,6.4,9.6,-4,-60,270,common-brick,False,DIGITAL_PROTOTYPE_NOT_PHYSICALLY_TESTED
MON-R3-0052,BR-04x06-H096,c0,Purple,#5E43B7,52,6.4,9.6,-28,-36,270,common-brick,False,DIGITAL_PROTOTYPE_NOT_PHYSICALLY_TESTED
MON-R3-0057,BR-04x06-H096,c0,Purple,#5E43B7,53,6.4,9.6,20,-36,270,common-brick,False,DIGITAL_PROTOTYPE_NOT_PHYSICALLY_TESTED
MON-R3-0051,BR-02x02-H096,c0,Purple,#5E43B7,54,6.4,9.6,-60,-12,0,common-brick,False,DIGITAL_PROTOTYPE_NOT_PHYSICALLY_TESTED
MON-R3-0061,BR-02x06-H096,c0,Purple,#5E43B7,55,6.4,9.6,52,-12,0,common-brick,False,DIGITAL_PROTOTYPE_NOT_PHYSICALLY_TESTED
MON-R3-0053,BR-04x06-H096,c0,Purple,#5E43B7,56,6.4,9.6,-28,-4,270,common-brick,False,DIGITAL_PROTOTYPE_NOT_PHYSICALLY_TESTED
MON-R3-0058,BR-04x06-H096,c0,Purple,#5E43B7,57,6.4,9.6,20,-4,270,common-brick,False,DIGITAL_PROTOTYPE_NOT_PHYSICALLY_TESTED
MON-R3-0054,BR-02x02-H096,c0,Purple,#5E43B7,58,6.4,9.6,-44,20,0,common-brick,False,DIGITAL_PROTOTYPE_NOT_PHYSICALLY_TESTED
MON-R3-0059,BR-02x04-H096,c0,Purple,#5E43B7,59,6.4,9.6,28,20,270,common-brick,False,DIGITAL_PROTOTYPE_NOT_PHYSICALLY_TESTED
MON-R3-0055,BR-04x06-H096,c0,Purple,#5E43B7,60,6.4,9.6,-12,28,270,common-brick,False,DIGITAL_PROTOTYPE_NOT_PHYSICALLY_TESTED
MON-R3-0060,BR-02x02-H096,c0,Purple,#5E43B7,61,6.4,9.6,20,36,0,common-brick,False,DIGITAL_PROTOTYPE_NOT_PHYSICALLY_TESTED
MON-R3-0064,CT-20C-H096-21b3f8c171,c3,Hot pink,#F5547C,62,16.0,9.6,-4,-72,270,supported-contour-brick,False,DIGITAL_PROTOTYPE_NOT_PHYSICALLY_TESTED
MON-R3-0067,BR-01x03-H096,c0,Purple,#5E43B7,63,16.0,9.6,-24,-56,270,common-brick,False,DIGITAL_PROTOTYPE_NOT_PHYSICALLY_TESTED
MON-R3-0073,BR-01x03-H096,c0,Purple,#5E43B7,64,16.0,9.6,16,-56,270,common-brick,False,DIGITAL_PROTOTYPE_NOT_PHYSICALLY_TESTED
MON-R3-0065,BR-02x03-H096,c0,Purple,#5E43B7,65,16.0,9.6,-44,-48,0,common-brick,False,DIGITAL_PROTOTYPE_NOT_PHYSICALLY_TESTED
MON-R3-0076,BR-02x03-H096,c0,Purple,#5E43B7,66,16.0,9.6,36,-48,0,common-brick,False,DIGITAL_PROTOTYPE_NOT_PHYSICALLY_TESTED
MON-R3-0071,BR-02x08-H096,c0,Purple,#5E43B7,67,16.0,9.6,-4,-28,0,common-brick,False,DIGITAL_PROTOTYPE_NOT_PHYSICALLY_TESTED
MON-R3-0062,CT-20C-H096-33529a809f,c0,Purple,#5E43B7,68,16.0,9.6,-68,-20,180,supported-contour-brick,False,DIGITAL_PROTOTYPE_NOT_PHYSICALLY_TESTED
MON-R3-0077,CT-18C-H096-7dc999aebd,c0,Purple,#5E43B7,69,16.0,9.6,60,-20,180,supported-contour-brick,False,DIGITAL_PROTOTYPE_NOT_PHYSICALLY_TESTED
MON-R3-0066,BR-02x04-H096,c0,Purple,#5E43B7,70,16.0,9.6,-36,-4,270,common-brick,False,DIGITAL_PROTOTYPE_NOT_PHYSICALLY_TESTED
MON-R3-0070,BR-01x02-H096,c0,Purple,#5E43B7,71,16.0,9.6,-16,-4,0,common-brick,False,DIGITAL_PROTOTYPE_NOT_PHYSICALLY_TESTED
MON-R3-0074,BR-02x08-H096,c0,Purple,#5E43B7,72,16.0,9.6,36,-4,270,common-brick,False,DIGITAL_PROTOTYPE_NOT_PHYSICALLY_TESTED
MON-R3-0072,BR-02x04-H096,c0,Purple,#5E43B7,73,16.0,9.6,-4,20,0,common-brick,False,DIGITAL_PROTOTYPE_NOT_PHYSICALLY_TESTED
MON-R3-0063,CT-12C-H096-dc1b462174,c0,Purple,#5E43B7,74,16.0,9.6,-52,28,90,supported-contour-brick,False,DIGITAL_PROTOTYPE_NOT_PHYSICALLY_TESTED
MON-R3-0075,CT-20C-H096-8f6969895d,c0,Purple,#5E43B7,75,16.0,9.6,44,28,270,supported-contour-brick,False,DIGITAL_PROTOTYPE_NOT_PHYSICALLY_TESTED
MON-R3-0068,BR-02x02-H096,c0,Purple,#5E43B7,76,16.0,9.6,-28,36,0,common-brick,False,DIGITAL_PROTOTYPE_NOT_PHYSICALLY_TESTED
MON-R3-0069,CT-18C-H096-d42c35ea27,c0,Purple,#5E43B7,77,16.0,9.6,-4,48,270,supported-contour-brick,False,DIGITAL_PROTOTYPE_NOT_PHYSICALLY_TESTED
MON-R3-0085,BR-02x08-H096,c3,Hot pink,#F5547C,78,25.6,9.6,-20,-76,270,common-brick,False,DIGITAL_PROTOTYPE_NOT_PHYSICALLY_TESTED
MON-R3-0092,CT-15C-H096-683acb1ad3,c3,Hot pink,#F5547C,79,25.6,9.6,36,-68,90,supported-contour-brick,False,DIGITAL_PROTOTYPE_NOT_PHYSICALLY_TESTED
MON-R3-0083,CT-07C-H096-19b018b623,c3,Hot pink,#F5547C,80,25.6,9.6,-52,-60,90,supported-contour-brick,False,DIGITAL_PROTOTYPE_NOT_PHYSICALLY_TESTED
MON-R3-0078,CT-09C-H096-2f6410248c,c0,Purple,#5E43B7,81,25.6,9.6,-68,-48,270,supported-contour-brick,False,DIGITAL_PROTOTYPE_NOT_PHYSICALLY_TESTED
MON-R3-0094,CT-07C-H096-f685e61d18,c0,Purple,#5E43B7,82,25.6,9.6,60,-48,270,supported-contour-brick,False,DIGITAL_PROTOTYPE_NOT_PHYSICALLY_TESTED
MON-R3-0088,BR-02x06-H096,c0,Purple,#5E43B7,83,25.6,9.6,-4,-44,0,common-brick,False,DIGITAL_PROTOTYPE_NOT_PHYSICALLY_TESTED
MON-R3-0079,BR-02x03-H096,c0,Purple,#5E43B7,84,25.6,9.6,-76,-24,0,common-brick,False,DIGITAL_PROTOTYPE_NOT_PHYSICALLY_TESTED
MON-R3-0089,BR-01x02-H096,c0,Purple,#5E43B7,85,25.6,9.6,-4,-16,270,common-brick,False,DIGITAL_PROTOTYPE_NOT_PHYSICALLY_TESTED
MON-R3-0097,BR-02x08-H096,c0,Purple,#5E43B7,86,25.6,9.6,68,-12,0,common-brick,False,DIGITAL_PROTOTYPE_NOT_PHYSICALLY_TESTED
MON-R3-0082,BR-02x08-H096,c0,Purple,#5E43B7,87,25.6,9.6,-44,-4,270,common-brick,False,DIGITAL_PROTOTYPE_NOT_PHYSICALLY_TESTED
MON-R3-0091,BR-02x06-H096,c0,Purple,#5E43B7,88,25.6,9.6,28,-4,270,common-brick,False,DIGITAL_PROTOTYPE_NOT_PHYSICALLY_TESTED
MON-R3-0096,BR-01x02-H096,c0,Purple,#5E43B7,89,25.6,9.6,56,-4,0,common-brick,False,DIGITAL_PROTOTYPE_NOT_PHYSICALLY_TESTED
MON-R3-0080,CT-04C-H096-8e241044a8,c0,Purple,#5E43B7,90,25.6,9.6,-76,0,0,supported-contour-brick,False,DIGITAL_PROTOTYPE_NOT_PHYSICALLY_TESTED
MON-R3-0081,BR-02x04-H096,c0,Purple,#5E43B7,91,25.6,9.6,-68,20,270,common-brick,False,DIGITAL_PROTOTYPE_NOT_PHYSICALLY_TESTED
MON-R3-0090,BR-02x08-H096,c0,Purple,#5E43B7,92,25.6,9.6,-4,20,0,common-brick,False,DIGITAL_PROTOTYPE_NOT_PHYSICALLY_TESTED
MON-R3-0098,BR-01x02-H096,c0,Purple,#5E43B7,93,25.6,9.6,68,24,270,common-brick,False,DIGITAL_PROTOTYPE_NOT_PHYSICALLY_TESTED
MON-R3-0084,BR-02x04-H096,c0,Purple,#5E43B7,94,25.6,9.6,-52,36,270,common-brick,False,DIGITAL_PROTOTYPE_NOT_PHYSICALLY_TESTED
MON-R3-0095,BR-02x04-H096,c0,Purple,#5E43B7,95,25.6,9.6,60,36,270,common-brick,False,DIGITAL_PROTOTYPE_NOT_PHYSICALLY_TESTED
MON-R3-0086,BR-02x04-H096,c0,Purple,#5E43B7,96,25.6,9.6,-36,52,270,common-brick,False,DIGITAL_PROTOTYPE_NOT_PHYSICALLY_TESTED
MON-R3-0093,BR-02x06-H096,c0,Purple,#5E43B7,97,25.6,9.6,36,52,270,common-brick,False,DIGITAL_PROTOTYPE_NOT_PHYSICALLY_TESTED
MON-R3-0087,CT-16C-H096-ab7eb6d927,c0,Purple,#5E43B7,98,25.6,9.6,4,60,270,supported-contour-brick,False,DIGITAL_PROTOTYPE_NOT_PHYSICALLY_TESTED
MON-R3-0112,BR-01x04-H096,c3,Hot pink,#F5547C,99,35.2,9.6,-4,-80,270,common-brick,False,DIGITAL_PROTOTYPE_NOT_PHYSICALLY_TESTED
MON-R3-0106,BR-02x04-H096,c3,Hot pink,#F5547C,100,35.2,9.6,-36,-76,270,common-brick,False,DIGITAL_PROTOTYPE_NOT_PHYSICALLY_TESTED
MON-R3-0116,BR-02x06-H096,c3,Hot pink,#F5547C,101,35.2,9.6,36,-76,270,common-brick,False,DIGITAL_PROTOTYPE_NOT_PHYSICALLY_TESTED
MON-R3-0102,CT-05C-H096-c763985811,c3,Hot pink,#F5547C,102,35.2,9.6,-56,-60,90,supported-contour-brick,False,DIGITAL_PROTOTYPE_NOT_PHYSICALLY_TESTED
MON-R3-0107,CT-03C-H096-c1d6f05dcc,c0,Purple,#5E43B7,103,35.2,9.6,-44,-60,180,supported-contour-brick,False,DIGITAL_PROTOTYPE_NOT_PHYSICALLY_TESTED
MON-R3-0119,CT-09C-H096-5eb32c5359,c3,Hot pink,#F5547C,104,35.2,9.6,60,-56,90,supported-contour-brick,False,DIGITAL_PROTOTYPE_NOT_PHYSICALLY_TESTED
MON-R3-0103,BR-02x02-H096,c0,Purple,#5E43B7,105,35.2,9.6,-60,-44,0,common-brick,False,DIGITAL_PROTOTYPE_NOT_PHYSICALLY_TESTED
MON-R3-0113,CT-18C-H096-469022c2b9,c0,Purple,#5E43B7,106,35.2,9.6,-4,-44,0,supported-contour-brick,False,DIGITAL_PROTOTYPE_NOT_PHYSICALLY_TESTED
MON-R3-0099,CT-10C-H096-506b844354,c0,Purple,#5E43B7,107,35.2,9.6,-84,-36,0,supported-contour-brick,False,DIGITAL_PROTOTYPE_NOT_PHYSICALLY_TESTED
MON-R3-0100,BR-02x08-H096,c0,Purple,#5E43B7,108,35.2,9.6,-76,-12,0,common-brick,False,DIGITAL_PROTOTYPE_NOT_PHYSICALLY_TESTED
MON-R3-0121,CT-25C-H096-06daa47720,c0,Purple,#5E43B7,109,35.2,9.6,80,-12,0,supported-contour-brick,False,DIGITAL_PROTOTYPE_NOT_PHYSICALLY_TESTED
MON-R3-0104,BR-02x02-H096,c0,Purple,#5E43B7,110,35.2,9.6,-60,-4,0,common-brick,False,DIGITAL_PROTOTYPE_NOT_PHYSICALLY_TESTED
MON-R3-0108,BR-02x08-H096,c0,Purple,#5E43B7,111,35.2,9.6,-20,-4,270,common-brick,False,DIGITAL_PROTOTYPE_NOT_PHYSICALLY_TESTED
MON-R3-0117,BR-02x08-H096,c0,Purple,#5E43B7,112,35.2,9.6,44,-4,270,common-brick,False,DIGITAL_PROTOTYPE_NOT_PHYSICALLY_TESTED
MON-R3-0101,BR-02x03-H096,c0,Purple,#5E43B7,113,35.2,9.6,-76,32,0,common-brick,False,DIGITAL_PROTOTYPE_NOT_PHYSICALLY_TESTED
MON-R3-0114,BR-02x08-H096,c0,Purple,#5E43B7,114,35.2,9.6,-4,36,0,common-brick,False,DIGITAL_PROTOTYPE_NOT_PHYSICALLY_TESTED
MON-R3-0122,BR-02x06-H096,c0,Purple,#5E43B7,115,35.2,9.6,68,36,0,common-brick,False,DIGITAL_PROTOTYPE_NOT_PHYSICALLY_TESTED
MON-R3-0105,BR-02x04-H096,c0,Purple,#5E43B7,116,35.2,9.6,-60,44,0,common-brick,False,DIGITAL_PROTOTYPE_NOT_PHYSICALLY_TESTED
MON-R3-0120,BR-02x02-H096,c0,Purple,#5E43B7,117,35.2,9.6,52,52,0,common-brick,False,DIGITAL_PROTOTYPE_NOT_PHYSICALLY_TESTED
MON-R3-0109,BR-02x04-H096,c0,Purple,#5E43B7,118,35.2,9.6,-44,60,0,common-brick,False,DIGITAL_PROTOTYPE_NOT_PHYSICALLY_TESTED
MON-R3-0118,BR-02x04-H096,c0,Purple,#5E43B7,119,35.2,9.6,36,60,0,common-brick,False,DIGITAL_PROTOTYPE_NOT_PHYSICALLY_TESTED
MON-R3-0110,BR-01x03-H096,c0,Purple,#5E43B7,120,35.2,9.6,-24,64,270,common-brick,False,DIGITAL_PROTOTYPE_NOT_PHYSICALLY_TESTED
MON-R3-0115,BR-01x03-H096,c0,Purple,#5E43B7,121,35.2,9.6,16,64,270,common-brick,False,DIGITAL_PROTOTYPE_NOT_PHYSICALLY_TESTED
MON-R3-0111,BR-01x08-H096,c0,Purple,#5E43B7,122,35.2,9.6,-4,72,270,common-brick,False,DIGITAL_PROTOTYPE_NOT_PHYSICALLY_TESTED
MON-R3-0134,BR-01x03-H096,c3,Hot pink,#F5547C,123,44.8,9.6,-24,-80,270,common-brick,False,DIGITAL_PROTOTYPE_NOT_PHYSICALLY_TESTED
MON-R3-0137,BR-01x02-H096,c2,Black,#000000,124,44.8,9.6,-4,-80,270,common-brick,False,DIGITAL_PROTOTYPE_NOT_PHYSICALLY_TESTED
MON-R3-0141,BR-01x04-H096,c3,Hot pink,#F5547C,125,44.8,9.6,20,-80,270,common-brick,False,DIGITAL_PROTOTYPE_NOT_PHYSICALLY_TESTED
MON-R3-0145,BR-02x03-H096,c3,Hot pink,#F5547C,126,44.8,9.6,48,-76,270,common-brick,False,DIGITAL_PROTOTYPE_NOT_PHYSICALLY_TESTED
MON-R3-0131,CT-05C-H096-7ede4fdf04,c3,Hot pink,#F5547C,127,44.8,9.6,-44,-72,0,supported-contour-brick,False,DIGITAL_PROTOTYPE_NOT_PHYSICALLY_TESTED
MON-R3-0135,BR-01x09-H096,c0,Purple,#5E43B7,128,44.8,9.6,0,-72,270,common-brick,False,DIGITAL_PROTOTYPE_NOT_PHYSICALLY_TESTED
MON-R3-0132,CT-03C-H096-c1d6f05dcc,c0,Purple,#5E43B7,129,44.8,9.6,-44,-60,180,supported-contour-brick,False,DIGITAL_PROTOTYPE_NOT_PHYSICALLY_TESTED
MON-R3-0138,BR-02x02-H096,c0,Purple,#5E43B7,130,44.8,9.6,-4,-60,0,common-brick,False,DIGITAL_PROTOTYPE_NOT_PHYSICALLY_TESTED
MON-R3-0146,CT-03C-H096-c1d6f05dcc,c0,Purple,#5E43B7,131,44.8,9.6,52,-60,270,supported-contour-brick,False,DIGITAL_PROTOTYPE_NOT_PHYSICALLY_TESTED
MON-R3-0147,CT-05C-H096-7ede4fdf04,c3,Hot pink,#F5547C,132,44.8,9.6,64,-60,90,supported-contour-brick,False,DIGITAL_PROTOTYPE_NOT_PHYSICALLY_TESTED
MON-R3-0129,CT-05C-H096-7ede4fdf04,c3,Hot pink,#F5547C,133,44.8,9.6,-60,-56,0,supported-contour-brick,False,DIGITAL_PROTOTYPE_NOT_PHYSICALLY_TESTED
MON-R3-0123,BR-02x04-H096,c0,Purple,#5E43B7,134,44.8,9.6,-84,-44,270,common-brick,False,DIGITAL_PROTOTYPE_NOT_PHYSICALLY_TESTED
MON-R3-0130,CT-03C-H096-c1d6f05dcc,c0,Purple,#5E43B7,135,44.8,9.6,-60,-44,180,supported-contour-brick,False,DIGITAL_PROTOTYPE_NOT_PHYSICALLY_TESTED
MON-R3-0148,BR-02x02-H096,c0,Purple,#5E43B7,136,44.8,9.6,68,-44,0,common-brick,False,DIGITAL_PROTOTYPE_NOT_PHYSICALLY_TESTED
MON-R3-0153,BR-01x04-H096,c0,Purple,#5E43B7,137,44.8,9.6,96,-36,0,common-brick,False,DIGITAL_PROTOTYPE_NOT_PHYSICALLY_TESTED
MON-R3-0124,BR-02x03-H096,c0,Purple,#5E43B7,138,44.8,9.6,-92,-24,0,common-brick,False,DIGITAL_PROTOTYPE_NOT_PHYSICALLY_TESTED
MON-R3-0139,BR-02x08-H096,c0,Purple,#5E43B7,139,44.8,9.6,-4,-20,0,common-brick,False,DIGITAL_PROTOTYPE_NOT_PHYSICALLY_TESTED
MON-R3-0151,BR-02x08-H096,c0,Purple,#5E43B7,140,44.8,9.6,84,-20,0,common-brick,False,DIGITAL_PROTOTYPE_NOT_PHYSICALLY_TESTED
MON-R3-0125,BR-02x08-H096,c0,Purple,#5E43B7,141,44.8,9.6,-68,-4,270,common-brick,False,DIGITAL_PROTOTYPE_NOT_PHYSICALLY_TESTED
MON-R3-0136,BR-02x03-H096,c0,Purple,#5E43B7,142,44.8,9.6,-24,-4,270,common-brick,False,DIGITAL_PROTOTYPE_NOT_PHYSICALLY_TESTED
MON-R3-0142,BR-02x08-H096,c0,Purple,#5E43B7,143,44.8,9.6,36,-4,270,common-brick,False,DIGITAL_PROTOTYPE_NOT_PHYSICALLY_TESTED
MON-R3-0150,BR-01x02-H096,c0,Purple,#5E43B7,144,44.8,9.6,72,-4,0,common-brick,False,DIGITAL_PROTOTYPE_NOT_PHYSICALLY_TESTED
MON-R3-0126,CT-10C-H096-9e938acd9a,c0,Purple,#5E43B7,145,44.8,9.6,-84,20,180,supported-contour-brick,False,DIGITAL_PROTOTYPE_NOT_PHYSICALLY_TESTED
MON-R3-0152,BR-02x02-H096,c0,Purple,#5E43B7,146,44.8,9.6,84,20,0,common-brick,False,DIGITAL_PROTOTYPE_NOT_PHYSICALLY_TESTED
MON-R3-0140,BR-02x06-H096,c0,Purple,#5E43B7,147,44.8,9.6,-4,36,0,common-brick,False,DIGITAL_PROTOTYPE_NOT_PHYSICALLY_TESTED
MON-R3-0149,BR-02x04-H096,c0,Purple,#5E43B7,148,44.8,9.6,76,36,270,common-brick,False,DIGITAL_PROTOTYPE_NOT_PHYSICALLY_TESTED
MON-R3-0127,BR-01x02-H096,c0,Purple,#5E43B7,149,44.8,9.6,-76,40,270,common-brick,False,DIGITAL_PROTOTYPE_NOT_PHYSICALLY_TESTED
MON-R3-0128,BR-02x06-H096,c0,Purple,#5E43B7,150,44.8,9.6,-60,52,270,common-brick,False,DIGITAL_PROTOTYPE_NOT_PHYSICALLY_TESTED
MON-R3-0144,BR-02x06-H096,c0,Purple,#5E43B7,151,44.8,9.6,52,52,270,common-brick,False,DIGITAL_PROTOTYPE_NOT_PHYSICALLY_TESTED
MON-R3-0133,BR-02x08-H096,c0,Purple,#5E43B7,152,44.8,9.6,-20,68,270,common-brick,False,DIGITAL_PROTOTYPE_NOT_PHYSICALLY_TESTED
MON-R3-0143,BR-02x04-H096,c0,Purple,#5E43B7,153,44.8,9.6,28,68,270,common-brick,False,DIGITAL_PROTOTYPE_NOT_PHYSICALLY_TESTED
MON-R3-0162,BR-01x08-H096,c3,Hot pink,#F5547C,154,54.4,9.6,-20,-80,270,common-brick,False,DIGITAL_PROTOTYPE_NOT_PHYSICALLY_TESTED
MON-R3-0175,BR-01x02-H096,c3,Hot pink,#F5547C,155,54.4,9.6,20,-80,270,common-brick,False,DIGITAL_PROTOTYPE_NOT_PHYSICALLY_TESTED
MON-R3-0178,BR-02x04-H096,c3,Hot pink,#F5547C,156,54.4,9.6,44,-76,270,common-brick,False,DIGITAL_PROTOTYPE_NOT_PHYSICALLY_TESTED
MON-R3-0163,CT-03C-H096-c1d6f05dcc,c3,Hot pink,#F5547C,157,54.4,9.6,-44,-68,0,supported-contour-brick,False,DIGITAL_PROTOTYPE_NOT_PHYSICALLY_TESTED
MON-R3-0164,CT-06C-H096-1f09483782,c0,Purple,#5E43B7,158,54.4,9.6,-40,-64,180,supported-contour-brick,False,DIGITAL_PROTOTYPE_NOT_PHYSICALLY_TESTED
MON-R3-0183,BR-01x02-H096,c3,Hot pink,#F5547C,159,54.4,9.6,52,-64,270,common-brick,False,DIGITAL_PROTOTYPE_NOT_PHYSICALLY_TESTED
MON-R3-0160,CT-05C-H096-7ede4fdf04,c3,Hot pink,#F5547C,160,54.4,9.6,-60,-56,0,supported-contour-brick,False,DIGITAL_PROTOTYPE_NOT_PHYSICALLY_TESTED
MON-R3-0187,CT-05C-H096-7ede4fdf04,c3,Hot pink,#F5547C,161,54.4,9.6,68,-56,0,supported-contour-brick,False,DIGITAL_PROTOTYPE_NOT_PHYSICALLY_TESTED
MON-R3-0167,BR-04x06-H096,c0,Purple,#5E43B7,162,54.4,9.6,-12,-52,0,common-brick,False,DIGITAL_PROTOTYPE_NOT_PHYSICALLY_TESTED
MON-R3-0174,BR-01x06-H096,c0,Purple,#5E43B7,163,54.4,9.6,8,-52,0,common-brick,False,DIGITAL_PROTOTYPE_NOT_PHYSICALLY_TESTED
MON-R3-0156,BR-01x03-H096,c0,Purple,#5E43B7,164,54.4,9.6,-80,-48,270,common-brick,False,DIGITAL_PROTOTYPE_NOT_PHYSICALLY_TESTED
MON-R3-0188,BR-01x03-H096,c0,Purple,#5E43B7,165,54.4,9.6,80,-48,270,common-brick,False,DIGITAL_PROTOTYPE_NOT_PHYSICALLY_TESTED
MON-R3-0176,BR-02x08-H096,c0,Purple,#5E43B7,166,54.4,9.6,20,-44,0,common-brick,False,DIGITAL_PROTOTYPE_NOT_PHYSICALLY_TESTED
MON-R3-0179,CT-14C-H096-3e2c5d19d1,c0,Purple,#5E43B7,167,54.4,9.6,44,-40,0,supported-contour-brick,False,DIGITAL_PROTOTYPE_NOT_PHYSICALLY_TESTED
MON-R3-0191,CT-04C-H096-bec36f7bdc,c0,Purple,#5E43B7,168,54.4,9.6,92,-32,0,supported-contour-brick,False,DIGITAL_PROTOTYPE_NOT_PHYSICALLY_TESTED
MON-R3-0181,BR-04x06-H096,c0,Purple,#5E43B7,169,54.4,9.6,60,-28,270,common-brick,False,DIGITAL_PROTOTYPE_NOT_PHYSICALLY_TESTED
MON-R3-0161,CT-25C-H096-b6b30d10c3,c0,Purple,#5E43B7,170,54.4,9.6,-44,-24,0,supported-contour-brick,False,DIGITAL_PROTOTYPE_NOT_PHYSICALLY_TESTED
MON-R3-0154,BR-01x08-H096,c0,Purple,#5E43B7,171,54.4,9.6,-96,-20,0,common-brick,False,DIGITAL_PROTOTYPE_NOT_PHYSICALLY_TESTED
MON-R3-0157,BR-04x06-H096,c0,Purple,#5E43B7,172,54.4,9.6,-76,-20,0,common-brick,False,DIGITAL_PROTOTYPE_NOT_PHYSICALLY_TESTED
MON-R3-0168,BR-01x03-H096,c0,Purple,#5E43B7,173,54.4,9.6,-24,-16,0,common-brick,False,DIGITAL_PROTOTYPE_NOT_PHYSICALLY_TESTED
MON-R3-0169,BR-04x06-H096,c0,Purple,#5E43B7,174,54.4,9.6,-4,-4,0,common-brick,False,DIGITAL_PROTOTYPE_NOT_PHYSICALLY_TESTED
MON-R3-0192,BR-01x08-H096,c0,Purple,#5E43B7,175,54.4,9.6,88,4,0,common-brick,False,DIGITAL_PROTOTYPE_NOT_PHYSICALLY_TESTED
MON-R3-0177,BR-04x06-H096,c0,Purple,#5E43B7,176,54.4,9.6,28,12,0,common-brick,False,DIGITAL_PROTOTYPE_NOT_PHYSICALLY_TESTED
MON-R3-0184,BR-01x06-H096,c0,Purple,#5E43B7,177,54.4,9.6,48,12,0,common-brick,False,DIGITAL_PROTOTYPE_NOT_PHYSICALLY_TESTED
MON-R3-0185,BR-04x06-H096,c0,Purple,#5E43B7,178,54.4,9.6,68,12,0,common-brick,False,DIGITAL_PROTOTYPE_NOT_PHYSICALLY_TESTED
MON-R3-0155,CT-05C-H096-7ede4fdf04,c0,Purple,#5E43B7,179,54.4,9.6,-92,16,180,supported-contour-brick,False,DIGITAL_PROTOTYPE_NOT_PHYSICALLY_TESTED
MON-R3-0165,BR-04x06-H096,c0,Purple,#5E43B7,180,54.4,9.6,-36,20,0,common-brick,False,DIGITAL_PROTOTYPE_NOT_PHYSICALLY_TESTED
MON-R3-0158,BR-04x06-H096,c0,Purple,#5E43B7,181,54.4,9.6,-68,28,0,common-brick,False,DIGITAL_PROTOTYPE_NOT_PHYSICALLY_TESTED
MON-R3-0170,BR-02x04-H096,c0,Purple,#5E43B7,182,54.4,9.6,-4,28,270,common-brick,False,DIGITAL_PROTOTYPE_NOT_PHYSICALLY_TESTED
MON-R3-0190,BR-01x02-H096,c0,Purple,#5E43B7,183,54.4,9.6,84,40,270,common-brick,False,DIGITAL_PROTOTYPE_NOT_PHYSICALLY_TESTED
MON-R3-0186,BR-02x03-H096,c0,Purple,#5E43B7,184,54.4,9.6,60,48,0,common-brick,False,DIGITAL_PROTOTYPE_NOT_PHYSICALLY_TESTED
MON-R3-0189,BR-01x03-H096,c0,Purple,#5E43B7,185,54.4,9.6,72,48,0,common-brick,False,DIGITAL_PROTOTYPE_NOT_PHYSICALLY_TESTED
MON-R3-0171,BR-01x04-H096,c0,Purple,#5E43B7,186,54.4,9.6,-16,52,0,common-brick,False,DIGITAL_PROTOTYPE_NOT_PHYSICALLY_TESTED
MON-R3-0173,BR-04x06-H096,c0,Purple,#5E43B7,187,54.4,9.6,12,52,270,common-brick,False,DIGITAL_PROTOTYPE_NOT_PHYSICALLY_TESTED
MON-R3-0182,BR-02x04-H096,c0,Purple,#5E43B7,188,54.4,9.6,44,52,0,common-brick,False,DIGITAL_PROTOTYPE_NOT_PHYSICALLY_TESTED
MON-R3-0159,BR-01x04-H096,c0,Purple,#5E43B7,189,54.4,9.6,-68,56,270,common-brick,False,DIGITAL_PROTOTYPE_NOT_PHYSICALLY_TESTED
MON-R3-0166,BR-04x04-H096,c0,Purple,#5E43B7,190,54.4,9.6,-36,60,0,common-brick,False,DIGITAL_PROTOTYPE_NOT_PHYSICALLY_TESTED
MON-R3-0180,CT-05C-H096-73f76289ae,c0,Purple,#5E43B7,191,54.4,9.6,44,68,270,supported-contour-brick,False,DIGITAL_PROTOTYPE_NOT_PHYSICALLY_TESTED
MON-R3-0172,BR-02x06-H096,c0,Purple,#5E43B7,192,54.4,9.6,4,76,270,common-brick,False,DIGITAL_PROTOTYPE_NOT_PHYSICALLY_TESTED
MON-R3-0208,BR-01x03-H096,c2,Black,#000000,193,64.0,9.6,0,-80,270,common-brick,False,DIGITAL_PROTOTYPE_NOT_PHYSICALLY_TESTED
MON-R3-0205,CT-04C-H096-15e33fd0c4,c3,Hot pink,#F5547C,194,64.0,9.6,-24,-76,90,supported-contour-brick,False,DIGITAL_PROTOTYPE_NOT_PHYSICALLY_TESTED
MON-R3-0213,CT-03C-H096-c1d6f05dcc,c3,Hot pink,#F5547C,195,64.0,9.6,20,-76,0,supported-contour-brick,False,DIGITAL_PROTOTYPE_NOT_PHYSICALLY_TESTED
MON-R3-0216,CT-03C-H096-c1d6f05dcc,c3,Hot pink,#F5547C,196,64.0,9.6,36,-76,90,supported-contour-brick,False,DIGITAL_PROTOTYPE_NOT_PHYSICALLY_TESTED
MON-R3-0203,CT-05C-H096-7ede4fdf04,c3,Hot pink,#F5547C,197,64.0,9.6,-44,-72,0,supported-contour-brick,False,DIGITAL_PROTOTYPE_NOT_PHYSICALLY_TESTED
MON-R3-0206,BR-01x02-H096,c2,Black,#000000,198,64.0,9.6,-28,-72,270,common-brick,False,DIGITAL_PROTOTYPE_NOT_PHYSICALLY_TESTED
MON-R3-0215,BR-01x02-H096,c2,Black,#000000,199,64.0,9.6,28,-72,270,common-brick,False,DIGITAL_PROTOTYPE_NOT_PHYSICALLY_TESTED
MON-R3-0218,BR-01x01-H096,c2,Black,#000000,200,64.0,9.6,40,-64,0,common-brick,True,DIGITAL_PROTOTYPE_NOT_PHYSICALLY_TESTED
MON-R3-0199,BR-02x02-H096,c3,Hot pink,#F5547C,201,64.0,9.6,-60,-60,0,common-brick,False,DIGITAL_PROTOTYPE_NOT_PHYSICALLY_TESTED
MON-R3-0204,CT-03C-H096-c1d6f05dcc,c0,Purple,#5E43B7,202,64.0,9.6,-44,-60,180,supported-contour-brick,False,DIGITAL_PROTOTYPE_NOT_PHYSICALLY_TESTED
MON-R3-0217,CT-03C-H096-c1d6f05dcc,c0,Purple,#5E43B7,203,64.0,9.6,36,-60,270,supported-contour-brick,False,DIGITAL_PROTOTYPE_NOT_PHYSICALLY_TESTED
MON-R3-0219,BR-02x04-H096,c3,Hot pink,#F5547C,204,64.0,9.6,60,-60,270,common-brick,False,DIGITAL_PROTOTYPE_NOT_PHYSICALLY_TESTED
MON-R3-0194,BR-01x03-H096,c3,Hot pink,#F5547C,205,64.0,9.6,-72,-48,270,common-brick,False,DIGITAL_PROTOTYPE_NOT_PHYSICALLY_TESTED
MON-R3-0200,CT-03C-H096-c1d6f05dcc,c0,Purple,#5E43B7,206,64.0,9.6,-60,-44,180,supported-contour-brick,False,DIGITAL_PROTOTYPE_NOT_PHYSICALLY_TESTED
MON-R3-0209,CT-17C-H096-be766a974c,c0,Purple,#5E43B7,207,64.0,9.6,0,-44,0,supported-contour-brick,False,DIGITAL_PROTOTYPE_NOT_PHYSICALLY_TESTED
MON-R3-0221,CT-03C-H096-c1d6f05dcc,c3,Hot pink,#F5547C,208,64.0,9.6,68,-44,0,supported-contour-brick,False,DIGITAL_PROTOTYPE_NOT_PHYSICALLY_TESTED
MON-R3-0222,CT-05C-H096-7ede4fdf04,c0,Purple,#5E43B7,209,64.0,9.6,68,-32,180,supported-contour-brick,False,DIGITAL_PROTOTYPE_NOT_PHYSICALLY_TESTED
MON-R3-0195,BR-02x04-H096,c0,Purple,#5E43B7,210,64.0,9.6,-76,-28,0,common-brick,False,DIGITAL_PROTOTYPE_NOT_PHYSICALLY_TESTED
MON-R3-0196,BR-01x02-H096,c0,Purple,#5E43B7,211,64.0,9.6,-80,-4,0,common-brick,False,DIGITAL_PROTOTYPE_NOT_PHYSICALLY_TESTED
MON-R3-0198,BR-02x08-H096,c0,Purple,#5E43B7,212,64.0,9.6,-44,-4,270,common-brick,False,DIGITAL_PROTOTYPE_NOT_PHYSICALLY_TESTED
MON-R3-0212,BR-02x08-H096,c0,Purple,#5E43B7,213,64.0,9.6,28,-4,270,common-brick,False,DIGITAL_PROTOTYPE_NOT_PHYSICALLY_TESTED
MON-R3-0223,BR-02x02-H096,c0,Purple,#5E43B7,214,64.0,9.6,68,-4,0,common-brick,False,DIGITAL_PROTOTYPE_NOT_PHYSICALLY_TESTED
MON-R3-0225,BR-02x08-H096,c0,Purple,#5E43B7,215,64.0,9.6,84,-4,0,common-brick,False,DIGITAL_PROTOTYPE_NOT_PHYSICALLY_TESTED
MON-R3-0210,CT-04C-H096-8e241044a8,c0,Purple,#5E43B7,216,64.0,9.6,-4,0,0,supported-contour-brick,False,DIGITAL_PROTOTYPE_NOT_PHYSICALLY_TESTED
MON-R3-0193,BR-02x06-H096,c0,Purple,#5E43B7,217,64.0,9.6,-92,4,0,common-brick,False,DIGITAL_PROTOTYPE_NOT_PHYSICALLY_TESTED
MON-R3-0197,BR-02x06-H096,c0,Purple,#5E43B7,218,64.0,9.6,-76,36,0,common-brick,False,DIGITAL_PROTOTYPE_NOT_PHYSICALLY_TESTED
MON-R3-0224,BR-02x04-H096,c0,Purple,#5E43B7,219,64.0,9.6,76,36,270,common-brick,False,DIGITAL_PROTOTYPE_NOT_PHYSICALLY_TESTED
MON-R3-0211,BR-02x08-H096,c0,Purple,#5E43B7,220,64.0,9.6,-4,44,0,common-brick,False,DIGITAL_PROTOTYPE_NOT_PHYSICALLY_TESTED
MON-R3-0201,BR-02x02-H096,c0,Purple,#5E43B7,221,64.0,9.6,-60,52,0,common-brick,False,DIGITAL_PROTOTYPE_NOT_PHYSICALLY_TESTED
MON-R3-0220,BR-02x04-H096,c0,Purple,#5E43B7,222,64.0,9.6,60,52,270,common-brick,False,DIGITAL_PROTOTYPE_NOT_PHYSICALLY_TESTED
MON-R3-0202,BR-02x06-H096,c0,Purple,#5E43B7,223,64.0,9.6,-44,68,270,common-brick,False,DIGITAL_PROTOTYPE_NOT_PHYSICALLY_TESTED
MON-R3-0214,BR-02x06-H096,c0,Purple,#5E43B7,224,64.0,9.6,36,68,270,common-brick,False,DIGITAL_PROTOTYPE_NOT_PHYSICALLY_TESTED
MON-R3-0207,CT-10C-H096-415fcecd4d,c0,Purple,#5E43B7,225,64.0,9.6,-4,76,270,supported-contour-brick,False,DIGITAL_PROTOTYPE_NOT_PHYSICALLY_TESTED
MON-R3-0241,BR-02x04-H096,c3,Hot pink,#F5547C,226,73.6,9.6,-4,-76,270,common-brick,False,DIGITAL_PROTOTYPE_NOT_PHYSICALLY_TESTED
MON-R3-0246,BR-01x02-H096,c3,Hot pink,#F5547C,227,73.6,9.6,16,-76,0,common-brick,False,DIGITAL_PROTOTYPE_NOT_PHYSICALLY_TESTED
MON-R3-0248,BR-02x03-H096,c2,Black,#000000,228,73.6,9.6,32,-76,270,common-brick,False,DIGITAL_PROTOTYPE_NOT_PHYSICALLY_TESTED
MON-R3-0235,CT-09C-H096-2942373b3f,c2,Black,#000000,229,73.6,9.6,-36,-72,90,supported-contour-brick,False,DIGITAL_PROTOTYPE_NOT_PHYSICALLY_TESTED
MON-R3-0252,BR-01x02-H096,c2,Black,#000000,230,73.6,9.6,44,-64,270,common-brick,False,DIGITAL_PROTOTYPE_NOT_PHYSICALLY_TESTED
MON-R3-0232,BR-02x02-H096,c3,Hot pink,#F5547C,231,73.6,9.6,-60,-60,0,common-brick,False,DIGITAL_PROTOTYPE_NOT_PHYSICALLY_TESTED
MON-R3-0236,CT-03C-H096-c1d6f05dcc,c0,Purple,#5E43B7,232,73.6,9.6,-44,-60,180,supported-contour-brick,False,DIGITAL_PROTOTYPE_NOT_PHYSICALLY_TESTED
MON-R3-0250,CT-03C-H096-c1d6f05dcc,c0,Purple,#5E43B7,233,73.6,9.6,36,-60,270,supported-contour-brick,False,DIGITAL_PROTOTYPE_NOT_PHYSICALLY_TESTED
MON-R3-0242,BR-02x03-H096,c0,Purple,#5E43B7,234,73.6,9.6,-4,-56,0,common-brick,False,DIGITAL_PROTOTYPE_NOT_PHYSICALLY_TESTED
MON-R3-0255,BR-01x03-H096,c3,Hot pink,#F5547C,235,73.6,9.6,56,-56,0,common-brick,False,DIGITAL_PROTOTYPE_NOT_PHYSICALLY_TESTED
MON-R3-0253,CT-04C-H096-8e241044a8,c0,Purple,#5E43B7,236,73.6,9.6,52,-48,0,supported-contour-brick,False,DIGITAL_PROTOTYPE_NOT_PHYSICALLY_TESTED
MON-R3-0229,CT-05C-H096-c763985811,c3,Hot pink,#F5547C,237,73.6,9.6,-72,-44,90,supported-contour-brick,False,DIGITAL_PROTOTYPE_NOT_PHYSICALLY_TESTED
MON-R3-0233,CT-03C-H096-c1d6f05dcc,c0,Purple,#5E43B7,238,73.6,9.6,-60,-44,180,supported-contour-brick,False,DIGITAL_PROTOTYPE_NOT_PHYSICALLY_TESTED
MON-R3-0256,CT-05C-H096-c763985811,c3,Hot pink,#F5547C,239,73.6,9.6,68,-40,180,supported-contour-brick,False,DIGITAL_PROTOTYPE_NOT_PHYSICALLY_TESTED
MON-R3-0257,CT-03C-H096-c1d6f05dcc,c0,Purple,#5E43B7,240,73.6,9.6,68,-28,270,supported-contour-brick,False,DIGITAL_PROTOTYPE_NOT_PHYSICALLY_TESTED
MON-R3-0230,BR-02x03-H096,c0,Purple,#5E43B7,241,73.6,9.6,-76,-24,0,common-brick,False,DIGITAL_PROTOTYPE_NOT_PHYSICALLY_TESTED
MON-R3-0259,BR-02x03-H096,c0,Purple,#5E43B7,242,73.6,9.6,84,-24,0,common-brick,False,DIGITAL_PROTOTYPE_NOT_PHYSICALLY_TESTED
MON-R3-0226,BR-01x02-H096,c0,Purple,#5E43B7,243,73.6,9.6,-92,-16,270,common-brick,False,DIGITAL_PROTOTYPE_NOT_PHYSICALLY_TESTED
MON-R3-0243,BR-02x08-H096,c0,Purple,#5E43B7,244,73.6,9.6,-4,-12,0,common-brick,False,DIGITAL_PROTOTYPE_NOT_PHYSICALLY_TESTED
MON-R3-0227,BR-02x08-H096,c0,Purple,#5E43B7,245,73.6,9.6,-68,-4,270,common-brick,False,DIGITAL_PROTOTYPE_NOT_PHYSICALLY_TESTED
MON-R3-0238,BR-02x03-H096,c0,Purple,#5E43B7,246,73.6,9.6,-24,-4,270,common-brick,False,DIGITAL_PROTOTYPE_NOT_PHYSICALLY_TESTED
MON-R3-0245,BR-02x02-H096,c0,Purple,#5E43B7,247,73.6,9.6,12,-4,0,common-brick,False,DIGITAL_PROTOTYPE_NOT_PHYSICALLY_TESTED
MON-R3-0249,BR-02x08-H096,c0,Purple,#5E43B7,248,73.6,9.6,52,-4,270,common-brick,False,DIGITAL_PROTOTYPE_NOT_PHYSICALLY_TESTED
MON-R3-0262,BR-01x02-H096,c0,Purple,#5E43B7,249,73.6,9.6,88,-4,0,common-brick,False,DIGITAL_PROTOTYPE_NOT_PHYSICALLY_TESTED
MON-R3-0228,BR-02x03-H096,c0,Purple,#5E43B7,250,73.6,9.6,-92,16,0,common-brick,False,DIGITAL_PROTOTYPE_NOT_PHYSICALLY_TESTED
MON-R3-0260,BR-02x04-H096,c0,Purple,#5E43B7,251,73.6,9.6,84,20,0,common-brick,False,DIGITAL_PROTOTYPE_NOT_PHYSICALLY_TESTED
MON-R3-0231,BR-02x06-H096,c0,Purple,#5E43B7,252,73.6,9.6,-76,36,0,common-brick,False,DIGITAL_PROTOTYPE_NOT_PHYSICALLY_TESTED
MON-R3-0261,BR-01x02-H096,c0,Purple,#5E43B7,253,73.6,9.6,84,40,270,common-brick,False,DIGITAL_PROTOTYPE_NOT_PHYSICALLY_TESTED
MON-R3-0244,BR-02x06-H096,c0,Purple,#5E43B7,254,73.6,9.6,-4,44,0,common-brick,False,DIGITAL_PROTOTYPE_NOT_PHYSICALLY_TESTED
MON-R3-0258,BR-02x04-H096,c0,Purple,#5E43B7,255,73.6,9.6,68,44,0,common-brick,False,DIGITAL_PROTOTYPE_NOT_PHYSICALLY_TESTED
MON-R3-0234,BR-02x04-H096,c0,Purple,#5E43B7,256,73.6,9.6,-60,60,0,common-brick,False,DIGITAL_PROTOTYPE_NOT_PHYSICALLY_TESTED
MON-R3-0254,BR-02x04-H096,c0,Purple,#5E43B7,257,73.6,9.6,52,60,0,common-brick,False,DIGITAL_PROTOTYPE_NOT_PHYSICALLY_TESTED
MON-R3-0239,BR-01x02-H096,c0,Purple,#5E43B7,258,73.6,9.6,-28,64,270,common-brick,False,DIGITAL_PROTOTYPE_NOT_PHYSICALLY_TESTED
MON-R3-0247,BR-01x02-H096,c0,Purple,#5E43B7,259,73.6,9.6,20,64,270,common-brick,False,DIGITAL_PROTOTYPE_NOT_PHYSICALLY_TESTED
MON-R3-0237,BR-02x02-H096,c0,Purple,#5E43B7,260,73.6,9.6,-44,68,0,common-brick,False,DIGITAL_PROTOTYPE_NOT_PHYSICALLY_TESTED
MON-R3-0251,BR-02x02-H096,c0,Purple,#5E43B7,261,73.6,9.6,36,68,0,common-brick,False,DIGITAL_PROTOTYPE_NOT_PHYSICALLY_TESTED
MON-R3-0240,BR-02x08-H096,c0,Purple,#5E43B7,262,73.6,9.6,-4,76,270,common-brick,False,DIGITAL_PROTOTYPE_NOT_PHYSICALLY_TESTED
MON-R3-0277,BR-01x02-H096,c3,Hot pink,#F5547C,263,83.2,9.6,-16,-76,0,common-brick,False,DIGITAL_PROTOTYPE_NOT_PHYSICALLY_TESTED
MON-R3-0278,BR-02x04-H096,c3,Hot pink,#F5547C,264,83.2,9.6,4,-76,270,common-brick,False,DIGITAL_PROTOTYPE_NOT_PHYSICALLY_TESTED
MON-R3-0285,BR-01x02-H096,c2,Black,#000000,265,83.2,9.6,24,-76,0,common-brick,False,DIGITAL_PROTOTYPE_NOT_PHYSICALLY_TESTED
MON-R3-0272,CT-09C-H096-2f6410248c,c2,Black,#000000,266,83.2,9.6,-36,-72,90,supported-contour-brick,False,DIGITAL_PROTOTYPE_NOT_PHYSICALLY_TESTED
MON-R3-0286,CT-07C-H096-8db0b03e41,c2,Black,#000000,267,83.2,9.6,40,-72,0,supported-contour-brick,False,DIGITAL_PROTOTYPE_NOT_PHYSICALLY_TESTED
MON-R3-0273,BR-01x01-H096,c1,Jade white,#FFFFFF,268,83.2,9.6,-48,-64,0,common-brick,True,DIGITAL_PROTOTYPE_NOT_PHYSICALLY_TESTED
MON-R3-0291,BR-01x01-H096,c1,Jade white,#FFFFFF,269,83.2,9.6,56,-64,0,common-brick,True,DIGITAL_PROTOTYPE_NOT_PHYSICALLY_TESTED
MON-R3-0268,CT-05C-H096-7ede4fdf04,c3,Hot pink,#F5547C,270,83.2,9.6,-60,-56,0,supported-contour-brick,False,DIGITAL_PROTOTYPE_NOT_PHYSICALLY_TESTED
MON-R3-0274,BR-01x02-H096,c0,Purple,#5E43B7,271,83.2,9.6,-44,-56,270,common-brick,False,DIGITAL_PROTOTYPE_NOT_PHYSICALLY_TESTED
MON-R3-0287,BR-01x02-H096,c0,Purple,#5E43B7,272,83.2,9.6,36,-56,270,common-brick,False,DIGITAL_PROTOTYPE_NOT_PHYSICALLY_TESTED
MON-R3-0288,BR-01x01-H096,c1,Jade white,#FFFFFF,273,83.2,9.6,48,-56,0,common-brick,True,DIGITAL_PROTOTYPE_NOT_PHYSICALLY_TESTED
MON-R3-0292,BR-01x02-H096,c3,Hot pink,#F5547C,274,83.2,9.6,56,-52,0,common-brick,False,DIGITAL_PROTOTYPE_NOT_PHYSICALLY_TESTED
MON-R3-0269,CT-03C-H096-c1d6f05dcc,c0,Purple,#5E43B7,275,83.2,9.6,-60,-44,180,supported-contour-brick,False,DIGITAL_PROTOTYPE_NOT_PHYSICALLY_TESTED
MON-R3-0279,BR-02x06-H096,c0,Purple,#5E43B7,276,83.2,9.6,-4,-44,0,common-brick,False,DIGITAL_PROTOTYPE_NOT_PHYSICALLY_TESTED
MON-R3-0289,CT-03C-H096-c1d6f05dcc,c0,Purple,#5E43B7,277,83.2,9.6,52,-44,270,supported-contour-brick,False,DIGITAL_PROTOTYPE_NOT_PHYSICALLY_TESTED
MON-R3-0264,CT-05C-H096-c763985811,c3,Hot pink,#F5547C,278,83.2,9.6,-76,-40,180,supported-contour-brick,False,DIGITAL_PROTOTYPE_NOT_PHYSICALLY_TESTED
MON-R3-0293,BR-02x03-H096,c3,Hot pink,#F5547C,279,83.2,9.6,68,-40,0,common-brick,False,DIGITAL_PROTOTYPE_NOT_PHYSICALLY_TESTED
MON-R3-0294,BR-02x02-H096,c0,Purple,#5E43B7,280,83.2,9.6,68,-20,0,common-brick,False,DIGITAL_PROTOTYPE_NOT_PHYSICALLY_TESTED
MON-R3-0280,BR-01x02-H096,c0,Purple,#5E43B7,281,83.2,9.6,-4,-16,270,common-brick,False,DIGITAL_PROTOTYPE_NOT_PHYSICALLY_TESTED
MON-R3-0270,BR-02x02-H096,c0,Purple,#5E43B7,282,83.2,9.6,-60,-4,0,common-brick,False,DIGITAL_PROTOTYPE_NOT_PHYSICALLY_TESTED
MON-R3-0275,BR-02x08-H096,c0,Purple,#5E43B7,283,83.2,9.6,-20,-4,270,common-brick,False,DIGITAL_PROTOTYPE_NOT_PHYSICALLY_TESTED
MON-R3-0283,BR-02x08-H096,c0,Purple,#5E43B7,284,83.2,9.6,44,-4,270,common-brick,False,DIGITAL_PROTOTYPE_NOT_PHYSICALLY_TESTED
MON-R3-0265,CT-17C-H096-43671a5b5c,c0,Purple,#5E43B7,285,83.2,9.6,-76,0,0,supported-contour-brick,False,DIGITAL_PROTOTYPE_NOT_PHYSICALLY_TESTED
MON-R3-0263,BR-02x02-H096,c0,Purple,#5E43B7,286,83.2,9.6,-92,4,0,common-brick,False,DIGITAL_PROTOTYPE_NOT_PHYSICALLY_TESTED
MON-R3-0281,BR-01x02-H096,c0,Purple,#5E43B7,287,83.2,9.6,-4,8,270,common-brick,False,DIGITAL_PROTOTYPE_NOT_PHYSICALLY_TESTED
MON-R3-0296,BR-02x08-H096,c0,Purple,#5E43B7,288,83.2,9.6,84,12,0,common-brick,False,DIGITAL_PROTOTYPE_NOT_PHYSICALLY_TESTED
MON-R3-0295,BR-02x02-H096,c0,Purple,#5E43B7,289,83.2,9.6,68,36,0,common-brick,False,DIGITAL_PROTOTYPE_NOT_PHYSICALLY_TESTED
MON-R3-0266,BR-01x02-H096,c0,Purple,#5E43B7,290,83.2,9.6,-76,40,270,common-brick,False,DIGITAL_PROTOTYPE_NOT_PHYSICALLY_TESTED
MON-R3-0282,BR-02x08-H096,c0,Purple,#5E43B7,291,83.2,9.6,-4,44,0,common-brick,False,DIGITAL_PROTOTYPE_NOT_PHYSICALLY_TESTED
MON-R3-0267,BR-02x04-H096,c0,Purple,#5E43B7,292,83.2,9.6,-68,52,270,common-brick,False,DIGITAL_PROTOTYPE_NOT_PHYSICALLY_TESTED
MON-R3-0290,BR-02x04-H096,c0,Purple,#5E43B7,293,83.2,9.6,60,52,270,common-brick,False,DIGITAL_PROTOTYPE_NOT_PHYSICALLY_TESTED
MON-R3-0271,BR-02x06-H096,c0,Purple,#5E43B7,294,83.2,9.6,-44,68,270,common-brick,False,DIGITAL_PROTOTYPE_NOT_PHYSICALLY_TESTED
MON-R3-0284,BR-02x06-H096,c0,Purple,#5E43B7,295,83.2,9.6,36,68,270,common-brick,False,DIGITAL_PROTOTYPE_NOT_PHYSICALLY_TESTED
MON-R3-0276,CT-10C-H096-415fcecd4d,c0,Purple,#5E43B7,296,83.2,9.6,-4,76,270,supported-contour-brick,False,DIGITAL_PROTOTYPE_NOT_PHYSICALLY_TESTED
MON-R3-0308,BR-01x01-H096,c2,Black,#000000,297,92.8,9.6,-32,-80,0,common-brick,True,DIGITAL_PROTOTYPE_NOT_PHYSICALLY_TESTED
MON-R3-0312,CT-10C-H096-0b7a9c0a1e,c3,Hot pink,#F5547C,298,92.8,9.6,-4,-76,90,supported-contour-brick,False,DIGITAL_PROTOTYPE_NOT_PHYSICALLY_TESTED
MON-R3-0320,BR-01x02-H096,c3,Hot pink,#F5547C,299,92.8,9.6,24,-76,0,common-brick,False,DIGITAL_PROTOTYPE_NOT_PHYSICALLY_TESTED
MON-R3-0306,CT-05C-H096-a75f0f97b1,c1,Jade white,#FFFFFF,300,92.8,9.6,-40,-64,90,supported-contour-brick,False,DIGITAL_PROTOTYPE_NOT_PHYSICALLY_TESTED
MON-R3-0309,CT-04C-H096-15e33fd0c4,c0,Purple,#5E43B7,301,92.8,9.6,-28,-64,180,supported-contour-brick,False,DIGITAL_PROTOTYPE_NOT_PHYSICALLY_TESTED
MON-R3-0318,CT-05C-H096-c763985811,c0,Purple,#5E43B7,302,92.8,9.6,20,-64,0,supported-contour-brick,False,DIGITAL_PROTOTYPE_NOT_PHYSICALLY_TESTED
MON-R3-0321,BR-02x03-H096,c1,Jade white,#FFFFFF,303,92.8,9.6,40,-60,270,common-brick,False,DIGITAL_PROTOTYPE_NOT_PHYSICALLY_TESTED
MON-R3-0302,CT-04C-H096-15e33fd0c4,c3,Hot pink,#F5547C,304,92.8,9.6,-60,-56,0,supported-contour-brick,False,DIGITAL_PROTOTYPE_NOT_PHYSICALLY_TESTED
MON-R3-0305,BR-01x02-H096,c0,Purple,#5E43B7,305,92.8,9.6,-52,-56,270,common-brick,False,DIGITAL_PROTOTYPE_NOT_PHYSICALLY_TESTED
MON-R3-0314,BR-02x03-H096,c0,Purple,#5E43B7,306,92.8,9.6,-4,-56,0,common-brick,False,DIGITAL_PROTOTYPE_NOT_PHYSICALLY_TESTED
MON-R3-0325,BR-01x03-H096,c3,Hot pink,#F5547C,307,92.8,9.6,56,-56,0,common-brick,False,DIGITAL_PROTOTYPE_NOT_PHYSICALLY_TESTED
MON-R3-0303,CT-03C-H096-c1d6f05dcc,c0,Purple,#5E43B7,308,92.8,9.6,-60,-44,180,supported-contour-brick,False,DIGITAL_PROTOTYPE_NOT_PHYSICALLY_TESTED
MON-R3-0323,CT-03C-H096-c1d6f05dcc,c0,Purple,#5E43B7,309,92.8,9.6,52,-44,270,supported-contour-brick,False,DIGITAL_PROTOTYPE_NOT_PHYSICALLY_TESTED
MON-R3-0297,BR-02x03-H096,c3,Hot pink,#F5547C,310,92.8,9.6,-76,-40,0,common-brick,False,DIGITAL_PROTOTYPE_NOT_PHYSICALLY_TESTED
MON-R3-0326,BR-02x03-H096,c3,Hot pink,#F5547C,311,92.8,9.6,68,-40,0,common-brick,False,DIGITAL_PROTOTYPE_NOT_PHYSICALLY_TESTED
MON-R3-0298,BR-02x02-H096,c0,Purple,#5E43B7,312,92.8,9.6,-76,-20,0,common-brick,False,DIGITAL_PROTOTYPE_NOT_PHYSICALLY_TESTED
MON-R3-0327,BR-02x02-H096,c0,Purple,#5E43B7,313,92.8,9.6,68,-20,0,common-brick,False,DIGITAL_PROTOTYPE_NOT_PHYSICALLY_TESTED
MON-R3-0315,BR-02x08-H096,c0,Purple,#5E43B7,314,92.8,9.6,-4,-12,0,common-brick,False,DIGITAL_PROTOTYPE_NOT_PHYSICALLY_TESTED
MON-R3-0299,BR-02x08-H096,c0,Purple,#5E43B7,315,92.8,9.6,-52,-4,270,common-brick,False,DIGITAL_PROTOTYPE_NOT_PHYSICALLY_TESTED
MON-R3-0313,BR-01x02-H096,c0,Purple,#5E43B7,316,92.8,9.6,-16,-4,0,common-brick,False,DIGITAL_PROTOTYPE_NOT_PHYSICALLY_TESTED
MON-R3-0317,BR-02x08-H096,c0,Purple,#5E43B7,317,92.8,9.6,36,-4,270,common-brick,False,DIGITAL_PROTOTYPE_NOT_PHYSICALLY_TESTED
MON-R3-0329,BR-01x02-H096,c0,Purple,#5E43B7,318,92.8,9.6,72,-4,0,common-brick,False,DIGITAL_PROTOTYPE_NOT_PHYSICALLY_TESTED
MON-R3-0300,BR-01x02-H096,c0,Purple,#5E43B7,319,92.8,9.6,-76,8,270,common-brick,False,DIGITAL_PROTOTYPE_NOT_PHYSICALLY_TESTED
MON-R3-0330,BR-02x08-H096,c0,Purple,#5E43B7,320,92.8,9.6,84,12,0,common-brick,False,DIGITAL_PROTOTYPE_NOT_PHYSICALLY_TESTED
MON-R3-0301,BR-02x04-H096,c0,Purple,#5E43B7,321,92.8,9.6,-76,28,0,common-brick,False,DIGITAL_PROTOTYPE_NOT_PHYSICALLY_TESTED
MON-R3-0304,BR-02x04-H096,c0,Purple,#5E43B7,322,92.8,9.6,-60,44,0,common-brick,False,DIGITAL_PROTOTYPE_NOT_PHYSICALLY_TESTED
MON-R3-0316,BR-02x06-H096,c0,Purple,#5E43B7,323,92.8,9.6,-4,44,0,common-brick,False,DIGITAL_PROTOTYPE_NOT_PHYSICALLY_TESTED
MON-R3-0328,BR-02x04-H096,c0,Purple,#5E43B7,324,92.8,9.6,68,44,0,common-brick,False,DIGITAL_PROTOTYPE_NOT_PHYSICALLY_TESTED
MON-R3-0307,BR-02x04-H096,c0,Purple,#5E43B7,325,92.8,9.6,-44,60,0,common-brick,False,DIGITAL_PROTOTYPE_NOT_PHYSICALLY_TESTED
MON-R3-0324,BR-02x04-H096,c0,Purple,#5E43B7,326,92.8,9.6,52,60,0,common-brick,False,DIGITAL_PROTOTYPE_NOT_PHYSICALLY_TESTED
MON-R3-0310,BR-01x02-H096,c0,Purple,#5E43B7,327,92.8,9.6,-28,64,270,common-brick,False,DIGITAL_PROTOTYPE_NOT_PHYSICALLY_TESTED
MON-R3-0319,BR-01x02-H096,c0,Purple,#5E43B7,328,92.8,9.6,20,64,270,common-brick,False,DIGITAL_PROTOTYPE_NOT_PHYSICALLY_TESTED
MON-R3-0322,BR-02x02-H096,c0,Purple,#5E43B7,329,92.8,9.6,36,68,0,common-brick,False,DIGITAL_PROTOTYPE_NOT_PHYSICALLY_TESTED
MON-R3-0311,BR-02x08-H096,c0,Purple,#5E43B7,330,92.8,9.6,-4,76,270,common-brick,False,DIGITAL_PROTOTYPE_NOT_PHYSICALLY_TESTED
MON-R3-0344,BR-02x08-H096,c3,Hot pink,#F5547C,331,102.4,9.6,-4,-76,270,common-brick,False,DIGITAL_PROTOTYPE_NOT_PHYSICALLY_TESTED
MON-R3-0342,BR-01x02-H096,c3,Hot pink,#F5547C,332,102.4,9.6,-36,-64,270,common-brick,False,DIGITAL_PROTOTYPE_NOT_PHYSICALLY_TESTED
MON-R3-0346,BR-01x06-H096,c0,Purple,#5E43B7,333,102.4,9.6,-4,-64,270,common-brick,False,DIGITAL_PROTOTYPE_NOT_PHYSICALLY_TESTED
MON-R3-0354,BR-01x02-H096,c3,Hot pink,#F5547C,334,102.4,9.6,28,-64,270,common-brick,False,DIGITAL_PROTOTYPE_NOT_PHYSICALLY_TESTED
MON-R3-0335,BR-02x03-H096,c3,Hot pink,#F5547C,335,102.4,9.6,-56,-60,270,common-brick,False,DIGITAL_PROTOTYPE_NOT_PHYSICALLY_TESTED
MON-R3-0355,BR-01x02-H096,c0,Purple,#5E43B7,336,102.4,9.6,40,-60,0,common-brick,False,DIGITAL_PROTOTYPE_NOT_PHYSICALLY_TESTED
MON-R3-0358,CT-05C-H096-c763985811,c3,Hot pink,#F5547C,337,102.4,9.6,52,-56,180,supported-contour-brick,False,DIGITAL_PROTOTYPE_NOT_PHYSICALLY_TESTED
MON-R3-0343,BR-04x06-H096,c0,Purple,#5E43B7,338,102.4,9.6,-20,-44,270,common-brick,False,DIGITAL_PROTOTYPE_NOT_PHYSICALLY_TESTED
MON-R3-0331,CT-07C-H096-e10d9a04a7,c3,Hot pink,#F5547C,339,102.4,9.6,-72,-40,90,supported-contour-brick,False,DIGITAL_PROTOTYPE_NOT_PHYSICALLY_TESTED
MON-R3-0336,CT-07C-H096-9fe7fee271,c0,Purple,#5E43B7,340,102.4,9.6,-56,-40,180,supported-contour-brick,False,DIGITAL_PROTOTYPE_NOT_PHYSICALLY_TESTED
MON-R3-0351,BR-04x06-H096,c0,Purple,#5E43B7,341,102.4,9.6,20,-36,0,common-brick,False,DIGITAL_PROTOTYPE_NOT_PHYSICALLY_TESTED
MON-R3-0356,BR-02x04-H096,c0,Purple,#5E43B7,342,102.4,9.6,44,-36,0,common-brick,False,DIGITAL_PROTOTYPE_NOT_PHYSICALLY_TESTED
MON-R3-0362,CT-07C-H096-19b018b623,c3,Hot pink,#F5547C,343,102.4,9.6,68,-36,0,supported-contour-brick,False,DIGITAL_PROTOTYPE_NOT_PHYSICALLY_TESTED
MON-R3-0361,BR-01x03-H096,c0,Purple,#5E43B7,344,102.4,9.6,56,-32,0,common-brick,False,DIGITAL_PROTOTYPE_NOT_PHYSICALLY_TESTED
MON-R3-0338,BR-01x06-H096,c0,Purple,#5E43B7,345,102.4,9.6,-28,-24,270,common-brick,False,DIGITAL_PROTOTYPE_NOT_PHYSICALLY_TESTED
MON-R3-0349,CT-04C-H096-8e241044a8,c0,Purple,#5E43B7,346,102.4,9.6,4,-16,0,supported-contour-brick,False,DIGITAL_PROTOTYPE_NOT_PHYSICALLY_TESTED
MON-R3-0339,BR-02x06-H096,c0,Purple,#5E43B7,347,102.4,9.6,-28,-12,270,common-brick,False,DIGITAL_PROTOTYPE_NOT_PHYSICALLY_TESTED
MON-R3-0332,CT-25C-H096-cba8834f53,c0,Purple,#5E43B7,348,102.4,9.6,-68,-8,0,supported-contour-brick,False,DIGITAL_PROTOTYPE_NOT_PHYSICALLY_TESTED
MON-R3-0357,CT-25C-H096-5500434ce2,c0,Purple,#5E43B7,349,102.4,9.6,60,-8,270,supported-contour-brick,False,DIGITAL_PROTOTYPE_NOT_PHYSICALLY_TESTED
MON-R3-0352,BR-02x04-H096,c0,Purple,#5E43B7,350,102.4,9.6,20,4,0,common-brick,False,DIGITAL_PROTOTYPE_NOT_PHYSICALLY_TESTED
MON-R3-0364,BR-01x06-H096,c0,Purple,#5E43B7,351,102.4,9.6,88,4,0,common-brick,False,DIGITAL_PROTOTYPE_NOT_PHYSICALLY_TESTED
MON-R3-0353,CT-09C-H096-256f2a62e3,c0,Purple,#5E43B7,352,102.4,9.6,28,8,180,supported-contour-brick,False,DIGITAL_PROTOTYPE_NOT_PHYSICALLY_TESTED
MON-R3-0340,BR-02x04-H096,c0,Purple,#5E43B7,353,102.4,9.6,-44,12,0,common-brick,False,DIGITAL_PROTOTYPE_NOT_PHYSICALLY_TESTED
MON-R3-0345,BR-04x06-H096,c0,Purple,#5E43B7,354,102.4,9.6,-12,12,270,common-brick,False,DIGITAL_PROTOTYPE_NOT_PHYSICALLY_TESTED
MON-R3-0363,BR-01x02-H096,c0,Purple,#5E43B7,355,102.4,9.6,80,20,0,common-brick,False,DIGITAL_PROTOTYPE_NOT_PHYSICALLY_TESTED
MON-R3-0333,BR-01x04-H096,c0,Purple,#5E43B7,356,102.4,9.6,-68,24,270,common-brick,False,DIGITAL_PROTOTYPE_NOT_PHYSICALLY_TESTED
MON-R3-0334,BR-02x08-H096,c0,Purple,#5E43B7,357,102.4,9.6,-52,36,270,common-brick,False,DIGITAL_PROTOTYPE_NOT_PHYSICALLY_TESTED
MON-R3-0347,BR-02x08-H096,c0,Purple,#5E43B7,358,102.4,9.6,12,36,270,common-brick,False,DIGITAL_PROTOTYPE_NOT_PHYSICALLY_TESTED
MON-R3-0359,BR-04x06-H096,c0,Purple,#5E43B7,359,102.4,9.6,60,36,0,common-brick,False,DIGITAL_PROTOTYPE_NOT_PHYSICALLY_TESTED
MON-R3-0337,BR-02x02-H096,c0,Purple,#5E43B7,360,102.4,9.6,-60,52,0,common-brick,False,DIGITAL_PROTOTYPE_NOT_PHYSICALLY_TESTED
MON-R3-0341,BR-04x06-H096,c0,Purple,#5E43B7,361,102.4,9.6,-28,60,270,common-brick,False,DIGITAL_PROTOTYPE_NOT_PHYSICALLY_TESTED
MON-R3-0350,BR-04x06-H096,c0,Purple,#5E43B7,362,102.4,9.6,20,60,270,common-brick,False,DIGITAL_PROTOTYPE_NOT_PHYSICALLY_TESTED
MON-R3-0360,BR-02x02-H096,c0,Purple,#5E43B7,363,102.4,9.6,52,68,0,common-brick,False,DIGITAL_PROTOTYPE_NOT_PHYSICALLY_TESTED
MON-R3-0348,BR-01x06-H096,c0,Purple,#5E43B7,364,102.4,9.6,4,80,270,common-brick,False,DIGITAL_PROTOTYPE_NOT_PHYSICALLY_TESTED
MON-R3-0373,BR-02x08-H096,c3,Hot pink,#F5547C,365,112.0,9.6,-4,-76,270,common-brick,False,DIGITAL_PROTOTYPE_NOT_PHYSICALLY_TESTED
MON-R3-0371,CT-05C-H096-c763985811,c3,Hot pink,#F5547C,366,112.0,9.6,-40,-60,90,supported-contour-brick,False,DIGITAL_PROTOTYPE_NOT_PHYSICALLY_TESTED
MON-R3-0374,CT-03C-H096-c1d6f05dcc,c0,Purple,#5E43B7,367,112.0,9.6,-28,-60,180,supported-contour-brick,False,DIGITAL_PROTOTYPE_NOT_PHYSICALLY_TESTED
MON-R3-0382,CT-03C-H096-c1d6f05dcc,c0,Purple,#5E43B7,368,112.0,9.6,20,-60,270,supported-contour-brick,False,DIGITAL_PROTOTYPE_NOT_PHYSICALLY_TESTED
MON-R3-0383,CT-09C-H096-1b75716a54,c3,Hot pink,#F5547C,369,112.0,9.6,40,-60,90,supported-contour-brick,False,DIGITAL_PROTOTYPE_NOT_PHYSICALLY_TESTED
MON-R3-0367,BR-02x04-H096,c3,Hot pink,#F5547C,370,112.0,9.6,-60,-52,0,common-brick,False,DIGITAL_PROTOTYPE_NOT_PHYSICALLY_TESTED
MON-R3-0377,BR-02x06-H096,c0,Purple,#5E43B7,371,112.0,9.6,-4,-44,0,common-brick,False,DIGITAL_PROTOTYPE_NOT_PHYSICALLY_TESTED
MON-R3-0384,CT-03C-H096-c1d6f05dcc,c0,Purple,#5E43B7,372,112.0,9.6,52,-44,270,supported-contour-brick,False,DIGITAL_PROTOTYPE_NOT_PHYSICALLY_TESTED
MON-R3-0387,CT-06C-H096-834a107884,c3,Hot pink,#F5547C,373,112.0,9.6,64,-40,90,supported-contour-brick,False,DIGITAL_PROTOTYPE_NOT_PHYSICALLY_TESTED
MON-R3-0368,BR-02x02-H096,c0,Purple,#5E43B7,374,112.0,9.6,-60,-28,0,common-brick,False,DIGITAL_PROTOTYPE_NOT_PHYSICALLY_TESTED
MON-R3-0378,BR-01x02-H096,c0,Purple,#5E43B7,375,112.0,9.6,-4,-16,270,common-brick,False,DIGITAL_PROTOTYPE_NOT_PHYSICALLY_TESTED
MON-R3-0365,BR-02x08-H096,c0,Purple,#5E43B7,376,112.0,9.6,-76,-4,0,common-brick,False,DIGITAL_PROTOTYPE_NOT_PHYSICALLY_TESTED
MON-R3-0369,BR-02x06-H096,c0,Purple,#5E43B7,377,112.0,9.6,-44,-4,270,common-brick,False,DIGITAL_PROTOTYPE_NOT_PHYSICALLY_TESTED
MON-R3-0376,BR-02x08-H096,c0,Purple,#5E43B7,378,112.0,9.6,12,-4,270,common-brick,False,DIGITAL_PROTOTYPE_NOT_PHYSICALLY_TESTED
MON-R3-0385,BR-02x02-H096,c0,Purple,#5E43B7,379,112.0,9.6,52,-4,0,common-brick,False,DIGITAL_PROTOTYPE_NOT_PHYSICALLY_TESTED
MON-R3-0389,CT-17C-H096-9b7af214e9,c0,Purple,#5E43B7,380,112.0,9.6,68,0,180,supported-contour-brick,False,DIGITAL_PROTOTYPE_NOT_PHYSICALLY_TESTED
MON-R3-0391,BR-02x04-H096,c0,Purple,#5E43B7,381,112.0,9.6,84,12,0,common-brick,False,DIGITAL_PROTOTYPE_NOT_PHYSICALLY_TESTED
MON-R3-0366,BR-02x02-H096,c0,Purple,#5E43B7,382,112.0,9.6,-76,36,0,common-brick,False,DIGITAL_PROTOTYPE_NOT_PHYSICALLY_TESTED
MON-R3-0379,BR-02x08-H096,c0,Purple,#5E43B7,383,112.0,9.6,-4,36,0,common-brick,False,DIGITAL_PROTOTYPE_NOT_PHYSICALLY_TESTED
MON-R3-0390,BR-01x02-H096,c0,Purple,#5E43B7,384,112.0,9.6,68,40,270,common-brick,False,DIGITAL_PROTOTYPE_NOT_PHYSICALLY_TESTED
MON-R3-0370,BR-02x04-H096,c0,Purple,#5E43B7,385,112.0,9.6,-60,44,0,common-brick,False,DIGITAL_PROTOTYPE_NOT_PHYSICALLY_TESTED
MON-R3-0386,BR-02x04-H096,c0,Purple,#5E43B7,386,112.0,9.6,60,52,270,common-brick,False,DIGITAL_PROTOTYPE_NOT_PHYSICALLY_TESTED
MON-R3-0372,BR-02x04-H096,c0,Purple,#5E43B7,387,112.0,9.6,-44,60,0,common-brick,False,DIGITAL_PROTOTYPE_NOT_PHYSICALLY_TESTED
MON-R3-0375,BR-02x03-H096,c0,Purple,#5E43B7,388,112.0,9.6,-24,68,270,common-brick,False,DIGITAL_PROTOTYPE_NOT_PHYSICALLY_TESTED
MON-R3-0381,BR-02x06-H096,c0,Purple,#5E43B7,389,112.0,9.6,28,68,270,common-brick,False,DIGITAL_PROTOTYPE_NOT_PHYSICALLY_TESTED
MON-R3-0388,BR-01x02-H096,c0,Purple,#5E43B7,390,112.0,9.6,56,68,0,common-brick,False,DIGITAL_PROTOTYPE_NOT_PHYSICALLY_TESTED
MON-R3-0380,CT-04C-H096-a6bced9f60,c0,Purple,#5E43B7,391,112.0,9.6,0,76,270,supported-contour-brick,False,DIGITAL_PROTOTYPE_NOT_PHYSICALLY_TESTED
MON-R3-0401,CT-17C-H096-b738ac4977,c3,Hot pink,#F5547C,392,121.6,9.6,-4,-72,90,supported-contour-brick,False,DIGITAL_PROTOTYPE_NOT_PHYSICALLY_TESTED
MON-R3-0402,BR-01x02-H096,c3,Hot pink,#F5547C,393,121.6,9.6,-28,-64,270,common-brick,False,DIGITAL_PROTOTYPE_NOT_PHYSICALLY_TESTED
MON-R3-0408,BR-01x02-H096,c3,Hot pink,#F5547C,394,121.6,9.6,20,-64,270,common-brick,False,DIGITAL_PROTOTYPE_NOT_PHYSICALLY_TESTED
MON-R3-0396,BR-02x04-H096,c3,Hot pink,#F5547C,395,121.6,9.6,-52,-60,270,common-brick,False,DIGITAL_PROTOTYPE_NOT_PHYSICALLY_TESTED
MON-R3-0404,CT-03C-H096-c1d6f05dcc,c0,Purple,#5E43B7,396,121.6,9.6,-4,-60,270,supported-contour-brick,False,DIGITAL_PROTOTYPE_NOT_PHYSICALLY_TESTED
MON-R3-0411,BR-02x04-H096,c3,Hot pink,#F5547C,397,121.6,9.6,44,-60,270,common-brick,False,DIGITAL_PROTOTYPE_NOT_PHYSICALLY_TESTED
MON-R3-0403,BR-01x02-H096,c0,Purple,#5E43B7,398,121.6,9.6,-28,-56,270,common-brick,False,DIGITAL_PROTOTYPE_NOT_PHYSICALLY_TESTED
MON-R3-0409,BR-01x02-H096,c0,Purple,#5E43B7,399,121.6,9.6,20,-56,270,common-brick,False,DIGITAL_PROTOTYPE_NOT_PHYSICALLY_TESTED
MON-R3-0397,CT-03C-H096-c1d6f05dcc,c3,Hot pink,#F5547C,400,121.6,9.6,-60,-44,90,supported-contour-brick,False,DIGITAL_PROTOTYPE_NOT_PHYSICALLY_TESTED
MON-R3-0413,BR-01x02-H096,c0,Purple,#5E43B7,401,121.6,9.6,48,-44,0,common-brick,False,DIGITAL_PROTOTYPE_NOT_PHYSICALLY_TESTED
MON-R3-0415,BR-02x03-H096,c3,Hot pink,#F5547C,402,121.6,9.6,64,-44,270,common-brick,False,DIGITAL_PROTOTYPE_NOT_PHYSICALLY_TESTED
MON-R3-0398,CT-07C-H096-48e06b5e1e,c0,Purple,#5E43B7,403,121.6,9.6,-60,-28,0,supported-contour-brick,False,DIGITAL_PROTOTYPE_NOT_PHYSICALLY_TESTED
MON-R3-0416,BR-01x03-H096,c0,Purple,#5E43B7,404,121.6,9.6,64,-24,0,common-brick,False,DIGITAL_PROTOTYPE_NOT_PHYSICALLY_TESTED
MON-R3-0405,BR-02x08-H096,c0,Purple,#5E43B7,405,121.6,9.6,-4,-20,0,common-brick,False,DIGITAL_PROTOTYPE_NOT_PHYSICALLY_TESTED
MON-R3-0392,CT-04C-H096-15e33fd0c4,c0,Purple,#5E43B7,406,121.6,9.6,-76,-8,0,supported-contour-brick,False,DIGITAL_PROTOTYPE_NOT_PHYSICALLY_TESTED
MON-R3-0395,BR-02x08-H096,c0,Purple,#5E43B7,407,121.6,9.6,-44,-4,270,common-brick,False,DIGITAL_PROTOTYPE_NOT_PHYSICALLY_TESTED
MON-R3-0407,BR-02x08-H096,c0,Purple,#5E43B7,408,121.6,9.6,36,-4,270,common-brick,False,DIGITAL_PROTOTYPE_NOT_PHYSICALLY_TESTED
MON-R3-0418,BR-01x08-H096,c0,Purple,#5E43B7,409,121.6,9.6,72,-4,0,common-brick,False,DIGITAL_PROTOTYPE_NOT_PHYSICALLY_TESTED
MON-R3-0419,BR-02x02-H096,c0,Purple,#5E43B7,410,121.6,9.6,84,4,0,common-brick,False,DIGITAL_PROTOTYPE_NOT_PHYSICALLY_TESTED
MON-R3-0393,BR-02x03-H096,c0,Purple,#5E43B7,411,121.6,9.6,-76,16,0,common-brick,False,DIGITAL_PROTOTYPE_NOT_PHYSICALLY_TESTED
MON-R3-0417,BR-01x03-H096,c0,Purple,#5E43B7,412,121.6,9.6,64,16,0,common-brick,False,DIGITAL_PROTOTYPE_NOT_PHYSICALLY_TESTED
MON-R3-0394,BR-02x04-H096,c0,Purple,#5E43B7,413,121.6,9.6,-68,36,270,common-brick,False,DIGITAL_PROTOTYPE_NOT_PHYSICALLY_TESTED
MON-R3-0406,BR-02x06-H096,c0,Purple,#5E43B7,414,121.6,9.6,-4,36,0,common-brick,False,DIGITAL_PROTOTYPE_NOT_PHYSICALLY_TESTED
MON-R3-0414,BR-02x04-H096,c0,Purple,#5E43B7,415,121.6,9.6,60,36,270,common-brick,False,DIGITAL_PROTOTYPE_NOT_PHYSICALLY_TESTED
MON-R3-0399,BR-02x04-H096,c0,Purple,#5E43B7,416,121.6,9.6,-52,52,270,common-brick,False,DIGITAL_PROTOTYPE_NOT_PHYSICALLY_TESTED
MON-R3-0412,BR-02x04-H096,c0,Purple,#5E43B7,417,121.6,9.6,44,52,270,common-brick,False,DIGITAL_PROTOTYPE_NOT_PHYSICALLY_TESTED
MON-R3-0400,BR-02x08-H096,c0,Purple,#5E43B7,418,121.6,9.6,-20,68,270,common-brick,False,DIGITAL_PROTOTYPE_NOT_PHYSICALLY_TESTED
MON-R3-0410,BR-02x04-H096,c0,Purple,#5E43B7,419,121.6,9.6,28,68,270,common-brick,False,DIGITAL_PROTOTYPE_NOT_PHYSICALLY_TESTED
MON-R3-0424,BR-01x02-H096,c3,Hot pink,#F5547C,420,131.2,9.6,-44,-64,270,common-brick,False,DIGITAL_PROTOTYPE_NOT_PHYSICALLY_TESTED
MON-R3-0437,BR-01x02-H096,c3,Hot pink,#F5547C,421,131.2,9.6,36,-64,270,common-brick,False,DIGITAL_PROTOTYPE_NOT_PHYSICALLY_TESTED
MON-R3-0428,BR-02x08-H096,c0,Purple,#5E43B7,422,131.2,9.6,-4,-60,270,common-brick,False,DIGITAL_PROTOTYPE_NOT_PHYSICALLY_TESTED
MON-R3-0439,BR-02x02-H096,c3,Hot pink,#F5547C,423,131.2,9.6,52,-60,0,common-brick,False,DIGITAL_PROTOTYPE_NOT_PHYSICALLY_TESTED
MON-R3-0438,BR-01x02-H096,c0,Purple,#5E43B7,424,131.2,9.6,36,-56,270,common-brick,False,DIGITAL_PROTOTYPE_NOT_PHYSICALLY_TESTED
MON-R3-0425,BR-02x03-H096,c0,Purple,#5E43B7,425,131.2,9.6,-44,-48,0,common-brick,False,DIGITAL_PROTOTYPE_NOT_PHYSICALLY_TESTED
MON-R3-0431,BR-02x04-H096,c0,Purple,#5E43B7,426,131.2,9.6,-4,-36,0,common-brick,False,DIGITAL_PROTOTYPE_NOT_PHYSICALLY_TESTED
MON-R3-0440,BR-02x04-H096,c0,Purple,#5E43B7,427,131.2,9.6,52,-36,0,common-brick,False,DIGITAL_PROTOTYPE_NOT_PHYSICALLY_TESTED
MON-R3-0421,BR-02x06-H096,c0,Purple,#5E43B7,428,131.2,9.6,-60,-28,0,common-brick,False,DIGITAL_PROTOTYPE_NOT_PHYSICALLY_TESTED
MON-R3-0432,BR-01x02-H096,c0,Purple,#5E43B7,429,131.2,9.6,-4,-16,270,common-brick,False,DIGITAL_PROTOTYPE_NOT_PHYSICALLY_TESTED
MON-R3-0442,CT-08C-H096-385592b6ac,c0,Purple,#5E43B7,430,131.2,9.6,68,-16,180,supported-contour-brick,False,DIGITAL_PROTOTYPE_NOT_PHYSICALLY_TESTED
MON-R3-0426,BR-02x08-H096,c0,Purple,#5E43B7,431,131.2,9.6,-20,-4,270,common-brick,False,DIGITAL_PROTOTYPE_NOT_PHYSICALLY_TESTED
MON-R3-0435,BR-02x06-H096,c0,Purple,#5E43B7,432,131.2,9.6,36,-4,270,common-brick,False,DIGITAL_PROTOTYPE_NOT_PHYSICALLY_TESTED
MON-R3-0443,BR-01x02-H096,c3,Hot pink,#F5547C,433,131.2,9.6,64,-4,0,common-brick,False,DIGITAL_PROTOTYPE_NOT_PHYSICALLY_TESTED
MON-R3-0422,BR-01x02-H096,c0,Purple,#5E43B7,434,131.2,9.6,-60,0,270,common-brick,False,DIGITAL_PROTOTYPE_NOT_PHYSICALLY_TESTED
MON-R3-0420,BR-02x06-H096,c0,Purple,#5E43B7,435,131.2,9.6,-76,4,0,common-brick,False,DIGITAL_PROTOTYPE_NOT_PHYSICALLY_TESTED
MON-R3-0444,BR-02x04-H096,c0,Purple,#5E43B7,436,131.2,9.6,68,20,0,common-brick,False,DIGITAL_PROTOTYPE_NOT_PHYSICALLY_TESTED
MON-R3-0423,BR-02x04-H096,c0,Purple,#5E43B7,437,131.2,9.6,-60,28,0,common-brick,False,DIGITAL_PROTOTYPE_NOT_PHYSICALLY_TESTED
MON-R3-0433,BR-02x08-H096,c0,Purple,#5E43B7,438,131.2,9.6,-4,36,0,common-brick,False,DIGITAL_PROTOTYPE_NOT_PHYSICALLY_TESTED
MON-R3-0441,BR-02x02-H096,c0,Purple,#5E43B7,439,131.2,9.6,52,36,0,common-brick,False,DIGITAL_PROTOTYPE_NOT_PHYSICALLY_TESTED
MON-R3-0445,BR-01x02-H096,c0,Purple,#5E43B7,440,131.2,9.6,68,40,270,common-brick,False,DIGITAL_PROTOTYPE_NOT_PHYSICALLY_TESTED
MON-R3-0427,BR-02x04-H096,c0,Purple,#5E43B7,441,131.2,9.6,-44,44,0,common-brick,False,DIGITAL_PROTOTYPE_NOT_PHYSICALLY_TESTED
MON-R3-0436,BR-02x06-H096,c0,Purple,#5E43B7,442,131.2,9.6,36,52,270,common-brick,False,DIGITAL_PROTOTYPE_NOT_PHYSICALLY_TESTED
MON-R3-0429,BR-02x04-H096,c0,Purple,#5E43B7,443,131.2,9.6,-28,60,0,common-brick,False,DIGITAL_PROTOTYPE_NOT_PHYSICALLY_TESTED
MON-R3-0430,CT-04C-H096-15e33fd0c4,c0,Purple,#5E43B7,444,131.2,9.6,-8,68,270,supported-contour-brick,False,DIGITAL_PROTOTYPE_NOT_PHYSICALLY_TESTED
MON-R3-0434,BR-02x03-H096,c0,Purple,#5E43B7,445,131.2,9.6,16,68,270,common-brick,False,DIGITAL_PROTOTYPE_NOT_PHYSICALLY_TESTED
MON-R3-0456,BR-02x03-H096,c0,Purple,#5E43B7,446,140.8,9.6,-24,-60,270,common-brick,False,DIGITAL_PROTOTYPE_NOT_PHYSICALLY_TESTED
MON-R3-0461,BR-02x04-H096,c0,Purple,#5E43B7,447,140.8,9.6,20,-60,270,common-brick,False,DIGITAL_PROTOTYPE_NOT_PHYSICALLY_TESTED
MON-R3-0466,BR-01x02-H096,c0,Purple,#5E43B7,448,140.8,9.6,40,-60,0,common-brick,False,DIGITAL_PROTOTYPE_NOT_PHYSICALLY_TESTED
MON-R3-0453,BR-02x04-H096,c0,Purple,#5E43B7,449,140.8,9.6,-36,-44,270,common-brick,False,DIGITAL_PROTOTYPE_NOT_PHYSICALLY_TESTED
MON-R3-0464,BR-02x04-H096,c0,Purple,#5E43B7,450,140.8,9.6,44,-44,270,common-brick,False,DIGITAL_PROTOTYPE_NOT_PHYSICALLY_TESTED
MON-R3-0458,BR-02x08-H096,c0,Purple,#5E43B7,451,140.8,9.6,-4,-36,0,common-brick,False,DIGITAL_PROTOTYPE_NOT_PHYSICALLY_TESTED
MON-R3-0449,BR-02x04-H096,c0,Purple,#5E43B7,452,140.8,9.6,-52,-28,270,common-brick,False,DIGITAL_PROTOTYPE_NOT_PHYSICALLY_TESTED
MON-R3-0467,BR-02x03-H096,c0,Purple,#5E43B7,453,140.8,9.6,52,-24,0,common-brick,False,DIGITAL_PROTOTYPE_NOT_PHYSICALLY_TESTED
MON-R3-0450,BR-01x02-H096,c0,Purple,#5E43B7,454,140.8,9.6,-60,-16,270,common-brick,False,DIGITAL_PROTOTYPE_NOT_PHYSICALLY_TESTED
MON-R3-0470,BR-01x02-H096,c0,Purple,#5E43B7,455,140.8,9.6,68,-16,270,common-brick,False,DIGITAL_PROTOTYPE_NOT_PHYSICALLY_TESTED
MON-R3-0446,CT-03C-H096-c1d6f05dcc,c3,Hot pink,#F5547C,456,140.8,9.6,-76,-12,90,supported-contour-brick,False,DIGITAL_PROTOTYPE_NOT_PHYSICALLY_TESTED
MON-R3-0451,BR-02x06-H096,c0,Purple,#5E43B7,457,140.8,9.6,-44,-4,270,common-brick,False,DIGITAL_PROTOTYPE_NOT_PHYSICALLY_TESTED
MON-R3-0457,BR-01x02-H096,c0,Purple,#5E43B7,458,140.8,9.6,-16,-4,0,common-brick,False,DIGITAL_PROTOTYPE_NOT_PHYSICALLY_TESTED
MON-R3-0462,BR-02x06-H096,c0,Purple,#5E43B7,459,140.8,9.6,28,-4,270,common-brick,False,DIGITAL_PROTOTYPE_NOT_PHYSICALLY_TESTED
MON-R3-0469,CT-03C-H096-c1d6f05dcc,c0,Purple,#5E43B7,460,140.8,9.6,60,-4,270,supported-contour-brick,False,DIGITAL_PROTOTYPE_NOT_PHYSICALLY_TESTED
MON-R3-0471,CT-03C-H096-c1d6f05dcc,c3,Hot pink,#F5547C,461,140.8,9.6,68,-4,90,supported-contour-brick,False,DIGITAL_PROTOTYPE_NOT_PHYSICALLY_TESTED
MON-R3-0447,CT-05C-H096-c763985811,c0,Purple,#5E43B7,462,140.8,9.6,-76,0,0,supported-contour-brick,False,DIGITAL_PROTOTYPE_NOT_PHYSICALLY_TESTED
MON-R3-0472,CT-06C-H096-31129ef203,c0,Purple,#5E43B7,463,140.8,9.6,76,4,270,supported-contour-brick,False,DIGITAL_PROTOTYPE_NOT_PHYSICALLY_TESTED
MON-R3-0448,BR-02x04-H096,c0,Purple,#5E43B7,464,140.8,9.6,-68,20,270,common-brick,False,DIGITAL_PROTOTYPE_NOT_PHYSICALLY_TESTED
MON-R3-0459,BR-02x06-H096,c0,Purple,#5E43B7,465,140.8,9.6,-4,20,0,common-brick,False,DIGITAL_PROTOTYPE_NOT_PHYSICALLY_TESTED
MON-R3-0468,BR-02x04-H096,c0,Purple,#5E43B7,466,140.8,9.6,60,20,270,common-brick,False,DIGITAL_PROTOTYPE_NOT_PHYSICALLY_TESTED
MON-R3-0452,BR-02x04-H096,c0,Purple,#5E43B7,467,140.8,9.6,-52,36,270,common-brick,False,DIGITAL_PROTOTYPE_NOT_PHYSICALLY_TESTED
MON-R3-0465,BR-02x04-H096,c0,Purple,#5E43B7,468,140.8,9.6,44,36,270,common-brick,False,DIGITAL_PROTOTYPE_NOT_PHYSICALLY_TESTED
MON-R3-0454,BR-01x02-H096,c0,Purple,#5E43B7,469,140.8,9.6,-48,52,0,common-brick,False,DIGITAL_PROTOTYPE_NOT_PHYSICALLY_TESTED
MON-R3-0455,BR-02x08-H096,c0,Purple,#5E43B7,470,140.8,9.6,-12,52,270,common-brick,False,DIGITAL_PROTOTYPE_NOT_PHYSICALLY_TESTED
MON-R3-0463,BR-02x03-H096,c0,Purple,#5E43B7,471,140.8,9.6,32,52,270,common-brick,False,DIGITAL_PROTOTYPE_NOT_PHYSICALLY_TESTED
MON-R3-0460,BR-02x02-H096,c0,Purple,#5E43B7,472,140.8,9.6,4,68,0,common-brick,False,DIGITAL_PROTOTYPE_NOT_PHYSICALLY_TESTED
MON-R3-0479,BR-01x09-H096,c0,Purple,#5E43B7,473,150.4,9.6,0,-48,270,common-brick,False,DIGITAL_PROTOTYPE_NOT_PHYSICALLY_TESTED
MON-R3-0485,CT-05C-H096-7ede4fdf04,c0,Purple,#5E43B7,474,150.4,9.6,36,-40,180,supported-contour-brick,False,DIGITAL_PROTOTYPE_NOT_PHYSICALLY_TESTED
MON-R3-0489,BR-01x02-H096,c0,Purple,#5E43B7,475,150.4,9.6,52,-32,270,common-brick,False,DIGITAL_PROTOTYPE_NOT_PHYSICALLY_TESTED
MON-R3-0476,CT-08C-H096-7668c4598f,c0,Purple,#5E43B7,476,150.4,9.6,-48,-20,180,supported-contour-brick,False,DIGITAL_PROTOTYPE_NOT_PHYSICALLY_TESTED
MON-R3-0480,BR-04x06-H096,c0,Purple,#5E43B7,477,150.4,9.6,-20,-20,0,common-brick,False,DIGITAL_PROTOTYPE_NOT_PHYSICALLY_TESTED
MON-R3-0483,BR-04x06-H096,c0,Purple,#5E43B7,478,150.4,9.6,12,-20,0,common-brick,False,DIGITAL_PROTOTYPE_NOT_PHYSICALLY_TESTED
MON-R3-0473,CT-07C-H096-e10d9a04a7,c3,Hot pink,#F5547C,479,150.4,9.6,-72,-8,90,supported-contour-brick,False,DIGITAL_PROTOTYPE_NOT_PHYSICALLY_TESTED
MON-R3-0477,BR-01x02-H096,c3,Hot pink,#F5547C,480,150.4,9.6,-52,-8,270,common-brick,False,DIGITAL_PROTOTYPE_NOT_PHYSICALLY_TESTED
MON-R3-0490,CT-05C-H096-c763985811,c3,Hot pink,#F5547C,481,150.4,9.6,68,-8,180,supported-contour-brick,False,DIGITAL_PROTOTYPE_NOT_PHYSICALLY_TESTED
MON-R3-0486,BR-04x06-H096,c0,Purple,#5E43B7,482,150.4,9.6,44,-4,0,common-brick,False,DIGITAL_PROTOTYPE_NOT_PHYSICALLY_TESTED
MON-R3-0474,CT-03C-H096-c1d6f05dcc,c0,Purple,#5E43B7,483,150.4,9.6,-76,4,270,supported-contour-brick,False,DIGITAL_PROTOTYPE_NOT_PHYSICALLY_TESTED
MON-R3-0492,BR-02x02-H096,c0,Purple,#5E43B7,484,150.4,9.6,84,4,0,common-brick,False,DIGITAL_PROTOTYPE_NOT_PHYSICALLY_TESTED
MON-R3-0475,BR-04x04-H096,c0,Purple,#5E43B7,485,150.4,9.6,-52,12,0,common-brick,False,DIGITAL_PROTOTYPE_NOT_PHYSICALLY_TESTED
MON-R3-0491,CT-07C-H096-48e06b5e1e,c0,Purple,#5E43B7,486,150.4,9.6,68,12,0,supported-contour-brick,False,DIGITAL_PROTOTYPE_NOT_PHYSICALLY_TESTED
MON-R3-0481,BR-04x06-H096,c0,Purple,#5E43B7,487,150.4,9.6,-20,28,0,common-brick,False,DIGITAL_PROTOTYPE_NOT_PHYSICALLY_TESTED
MON-R3-0484,BR-04x06-H096,c0,Purple,#5E43B7,488,150.4,9.6,12,28,0,common-brick,False,DIGITAL_PROTOTYPE_NOT_PHYSICALLY_TESTED
MON-R3-0487,BR-02x04-H096,c0,Purple,#5E43B7,489,150.4,9.6,44,28,270,common-brick,False,DIGITAL_PROTOTYPE_NOT_PHYSICALLY_TESTED
MON-R3-0478,BR-02x02-H096,c0,Purple,#5E43B7,490,150.4,9.6,-44,36,0,common-brick,False,DIGITAL_PROTOTYPE_NOT_PHYSICALLY_TESTED
MON-R3-0488,BR-01x04-H096,c0,Purple,#5E43B7,491,150.4,9.6,44,40,270,common-brick,False,DIGITAL_PROTOTYPE_NOT_PHYSICALLY_TESTED
MON-R3-0482,BR-01x08-H096,c0,Purple,#5E43B7,492,150.4,9.6,-4,56,270,common-brick,False,DIGITAL_PROTOTYPE_NOT_PHYSICALLY_TESTED
MON-R3-0501,BR-02x04-H096,c0,Purple,#5E43B7,493,160.0,9.6,-4,-44,270,common-brick,False,DIGITAL_PROTOTYPE_NOT_PHYSICALLY_TESTED
MON-R3-0499,BR-01x02-H096,c0,Purple,#5E43B7,494,160.0,9.6,-32,-28,0,common-brick,False,DIGITAL_PROTOTYPE_NOT_PHYSICALLY_TESTED
MON-R3-0500,BR-02x08-H096,c0,Purple,#5E43B7,495,160.0,9.6,4,-28,270,common-brick,False,DIGITAL_PROTOTYPE_NOT_PHYSICALLY_TESTED
MON-R3-0507,CT-04C-H096-15e33fd0c4,c0,Purple,#5E43B7,496,160.0,9.6,36,-24,180,supported-contour-brick,False,DIGITAL_PROTOTYPE_NOT_PHYSICALLY_TESTED
MON-R3-0497,BR-01x04-H096,c0,Purple,#5E43B7,497,160.0,9.6,-36,-16,270,common-brick,False,DIGITAL_PROTOTYPE_NOT_PHYSICALLY_TESTED
MON-R3-0503,BR-01x02-H096,c0,Purple,#5E43B7,498,160.0,9.6,-4,-16,270,common-brick,False,DIGITAL_PROTOTYPE_NOT_PHYSICALLY_TESTED
MON-R3-0493,BR-02x04-H096,c3,Hot pink,#F5547C,499,160.0,9.6,-68,-12,270,common-brick,False,DIGITAL_PROTOTYPE_NOT_PHYSICALLY_TESTED
MON-R3-0508,CT-09C-H096-5ba1c77317,c3,Hot pink,#F5547C,500,160.0,9.6,60,-8,90,supported-contour-brick,False,DIGITAL_PROTOTYPE_NOT_PHYSICALLY_TESTED
MON-R3-0498,BR-02x08-H096,c0,Purple,#5E43B7,501,160.0,9.6,-20,-4,270,common-brick,False,DIGITAL_PROTOTYPE_NOT_PHYSICALLY_TESTED
MON-R3-0505,BR-02x04-H096,c0,Purple,#5E43B7,502,160.0,9.6,28,-4,270,common-brick,False,DIGITAL_PROTOTYPE_NOT_PHYSICALLY_TESTED
MON-R3-0509,BR-01x03-H096,c0,Purple,#5E43B7,503,160.0,9.6,56,0,270,common-brick,False,DIGITAL_PROTOTYPE_NOT_PHYSICALLY_TESTED
MON-R3-0494,BR-02x04-H096,c0,Purple,#5E43B7,504,160.0,9.6,-68,4,270,common-brick,False,DIGITAL_PROTOTYPE_NOT_PHYSICALLY_TESTED
MON-R3-0511,BR-02x02-H096,c0,Purple,#5E43B7,505,160.0,9.6,84,4,0,common-brick,False,DIGITAL_PROTOTYPE_NOT_PHYSICALLY_TESTED
MON-R3-0504,BR-01x02-H096,c0,Purple,#5E43B7,506,160.0,9.6,-4,8,270,common-brick,False,DIGITAL_PROTOTYPE_NOT_PHYSICALLY_TESTED
MON-R3-0510,BR-01x02-H096,c0,Purple,#5E43B7,507,160.0,9.6,68,8,270,common-brick,False,DIGITAL_PROTOTYPE_NOT_PHYSICALLY_TESTED
MON-R3-0495,BR-01x02-H096,c0,Purple,#5E43B7,508,160.0,9.6,-64,20,0,common-brick,False,DIGITAL_PROTOTYPE_NOT_PHYSICALLY_TESTED
MON-R3-0496,BR-02x08-H096,c0,Purple,#5E43B7,509,160.0,9.6,-28,20,270,common-brick,False,DIGITAL_PROTOTYPE_NOT_PHYSICALLY_TESTED
MON-R3-0506,BR-02x08-H096,c0,Purple,#5E43B7,510,160.0,9.6,44,20,270,common-brick,False,DIGITAL_PROTOTYPE_NOT_PHYSICALLY_TESTED
MON-R3-0502,BR-02x06-H096,c0,Purple,#5E43B7,511,160.0,9.6,4,36,270,common-brick,False,DIGITAL_PROTOTYPE_NOT_PHYSICALLY_TESTED
MON-R3-0512,BR-01x02-H096,c3,Hot pink,#F5547C,512,169.6,9.6,-76,-16,270,common-brick,False,DIGITAL_PROTOTYPE_NOT_PHYSICALLY_TESTED
MON-R3-0516,CT-05C-H096-7ede4fdf04,c0,Purple,#5E43B7,513,169.6,9.6,56,-12,270,supported-contour-brick,False,DIGITAL_PROTOTYPE_NOT_PHYSICALLY_TESTED
MON-R3-0518,CT-03C-H096-c1d6f05dcc,c3,Hot pink,#F5547C,514,169.6,9.6,68,-12,90,supported-contour-brick,False,DIGITAL_PROTOTYPE_NOT_PHYSICALLY_TESTED
MON-R3-0513,BR-02x03-H096,c0,Purple,#5E43B7,515,169.6,9.6,-76,0,0,common-brick,False,DIGITAL_PROTOTYPE_NOT_PHYSICALLY_TESTED
MON-R3-0514,BR-02x06-H096,c0,Purple,#5E43B7,516,169.6,9.6,-60,4,0,common-brick,False,DIGITAL_PROTOTYPE_NOT_PHYSICALLY_TESTED
MON-R3-0515,BR-02x02-H096,c0,Purple,#5E43B7,517,169.6,9.6,-44,4,0,common-brick,False,DIGITAL_PROTOTYPE_NOT_PHYSICALLY_TESTED
MON-R3-0519,BR-02x02-H096,c0,Purple,#5E43B7,518,169.6,9.6,84,4,0,common-brick,False,DIGITAL_PROTOTYPE_NOT_PHYSICALLY_TESTED
MON-R3-0517,BR-04x04-H096,c0,Purple,#5E43B7,519,169.6,9.6,60,12,0,common-brick,False,DIGITAL_PROTOTYPE_NOT_PHYSICALLY_TESTED
