type_id,color,hex,quantity,cell_count,shape,native_stl
r2-p4-10c-06b4a7fa37f8,Purple,#5E43B7,4,10,"[[0,0],[0,1],[0,2],[1,0],[1,1],[1,2],[2,1],[2,2],[3,1],[3,2]]",artifacts/selected/r2-20260919/cad/bricks/r2-p4-10c-06b4a7fa37f8.stl
r2-p4-10c-703d228b64da,Purple,#5E43B7,16,10,"[[0,0],[0,1],[1,0],[1,1],[2,0],[2,1],[3,0],[3,1],[4,0],[4,1]]",artifacts/selected/r2-20260919/cad/bricks/r2-p4-10c-703d228b64da.stl
r2-p4-10c-72da87c37623,Purple,#5E43B7,1,10,"[[0,0],[0,1],[0,2],[1,0],[1,1],[1,2],[2,0],[2,1],[2,2],[3,0]]",artifacts/selected/r2-20260919/cad/bricks/r2-p4-10c-72da87c37623.stl
r2-p4-10c-7acf782cb06b,Hot pink,#F5547C,1,10,"[[0,0],[0,1],[1,0],[2,0],[3,0],[4,0],[5,0],[6,0],[7,0],[8,0]]",artifacts/selected/r2-20260919/cad/bricks/r2-p4-10c-7acf782cb06b.stl
r2-p4-10c-f0568e82ff56,Purple,#5E43B7,3,10,"[[0,0],[0,1],[0,2],[1,0],[1,1],[1,2],[2,0],[2,1],[3,0],[3,1]]",artifacts/selected/r2-20260919/cad/bricks/r2-p4-10c-f0568e82ff56.stl
r2-p4-11c-021340aaea91,Purple,#5E43B7,3,11,"[[0,0],[0,1],[0,2],[1,0],[1,1],[1,2],[2,0],[2,1],[2,2],[3,1],[3,2]]",artifacts/selected/r2-20260919/cad/bricks/r2-p4-11c-021340aaea91.stl
r2-p4-11c-1acae6a2bfb1,Purple,#5E43B7,1,11,"[[0,0],[0,1],[1,0],[1,1],[2,0],[2,1],[3,0],[3,1],[3,2],[4,0],[4,1]]",artifacts/selected/r2-20260919/cad/bricks/r2-p4-11c-1acae6a2bfb1.stl
r2-p4-11c-1f42297da998,Purple,#5E43B7,1,11,"[[0,0],[0,1],[0,2],[1,0],[1,1],[1,2],[2,0],[2,1],[2,2],[3,0],[3,1]]",artifacts/selected/r2-20260919/cad/bricks/r2-p4-11c-1f42297da998.stl
r2-p4-11c-8268c36e4eda,Purple,#5E43B7,1,11,"[[0,0],[0,1],[1,0],[1,1],[2,0],[2,1],[3,0],[3,1],[4,0],[4,1],[5,1]]",artifacts/selected/r2-20260919/cad/bricks/r2-p4-11c-8268c36e4eda.stl
r2-p4-12c-1aa056caa409,Purple,#5E43B7,10,12,"[[0,0],[0,1],[0,2],[1,0],[1,1],[1,2],[2,0],[2,1],[2,2],[3,0],[3,1],[3,2]]",artifacts/selected/r2-20260919/cad/bricks/r2-p4-12c-1aa056caa409.stl
r2-p4-12c-643e89839393,Purple,#5E43B7,1,12,"[[0,0],[0,1],[0,2],[0,3],[1,0],[1,1],[1,2],[1,3],[2,0],[2,1],[2,2],[3,0]]",artifacts/selected/r2-20260919/cad/bricks/r2-p4-12c-643e89839393.stl
r2-p4-12c-a2f28e04cb09,Purple,#5E43B7,3,12,"[[0,0],[0,1],[1,0],[1,1],[2,0],[2,1],[3,0],[3,1],[4,0],[4,1],[5,0],[5,1]]",artifacts/selected/r2-20260919/cad/bricks/r2-p4-12c-a2f28e04cb09.stl
r2-p4-12c-be23a754b8df,Purple,#5E43B7,1,12,"[[0,0],[0,1],[1,0],[1,1],[2,0],[2,1],[3,0],[3,1],[4,0],[4,1],[5,1],[6,1]]",artifacts/selected/r2-20260919/cad/bricks/r2-p4-12c-be23a754b8df.stl
r2-p4-13c-412272d3fa2c,Purple,#5E43B7,1,13,"[[0,0],[0,1],[1,0],[1,1],[2,0],[2,1],[3,0],[3,1],[4,0],[4,1],[5,0],[5,1],[6,0]]",artifacts/selected/r2-20260919/cad/bricks/r2-p4-13c-412272d3fa2c.stl
r2-p4-13c-6b7950654930,Purple,#5E43B7,1,13,"[[0,0],[0,1],[1,0],[1,1],[2,0],[2,1],[3,0],[3,1],[4,0],[4,1],[5,0],[5,1],[6,1]]",artifacts/selected/r2-20260919/cad/bricks/r2-p4-13c-6b7950654930.stl
r2-p4-13c-c48f51e4895a,Purple,#5E43B7,1,13,"[[0,0],[0,1],[0,2],[0,3],[1,0],[1,1],[1,2],[1,3],[2,0],[2,1],[2,2],[2,3],[3,0]]",artifacts/selected/r2-20260919/cad/bricks/r2-p4-13c-c48f51e4895a.stl
r2-p4-14c-0ecd24c23207,Hot pink,#F5547C,1,14,"[[0,1],[1,1],[2,0],[2,1],[3,0],[3,1],[4,0],[5,0],[6,0],[7,0],[8,0],[9,0],[10,0],[11,0]]",artifacts/selected/r2-20260919/cad/bricks/r2-p4-14c-0ecd24c23207.stl
r2-p4-14c-37b32b6e254d,Purple,#5E43B7,1,14,"[[0,0],[0,1],[0,2],[1,0],[1,1],[1,2],[2,0],[2,1],[2,2],[3,0],[3,1],[4,0],[4,1],[5,0]]",artifacts/selected/r2-20260919/cad/bricks/r2-p4-14c-37b32b6e254d.stl
r2-p4-14c-443e3b6c2c29,Purple,#5E43B7,4,14,"[[0,0],[0,1],[1,0],[1,1],[2,0],[2,1],[3,0],[3,1],[4,0],[4,1],[5,0],[5,1],[6,0],[6,1]]",artifacts/selected/r2-20260919/cad/bricks/r2-p4-14c-443e3b6c2c29.stl
r2-p4-14c-eca17b34912e,Purple,#5E43B7,1,14,"[[0,0],[0,1],[0,2],[0,3],[1,0],[1,1],[1,2],[1,3],[2,0],[2,1],[2,2],[2,3],[3,2],[3,3]]",artifacts/selected/r2-20260919/cad/bricks/r2-p4-14c-eca17b34912e.stl
r2-p4-15c-32d1fb4a9a30,Purple,#5E43B7,1,15,"[[0,0],[0,1],[0,2],[0,3],[1,0],[1,1],[1,2],[1,3],[2,0],[2,1],[2,2],[2,3],[3,0],[3,1],[3,2]]",artifacts/selected/r2-20260919/cad/bricks/r2-p4-15c-32d1fb4a9a30.stl
r2-p4-15c-c98bfb65cf4a,Purple,#5E43B7,1,15,"[[0,2],[0,3],[1,2],[1,3],[2,2],[2,3],[3,2],[4,0],[4,1],[4,2],[5,0],[5,1],[6,0],[6,1],[7,0]]",artifacts/selected/r2-20260919/cad/bricks/r2-p4-15c-c98bfb65cf4a.stl
r2-p4-16c-4a708adbfba5,Purple,#5E43B7,3,16,"[[0,0],[0,1],[0,2],[0,3],[1,0],[1,1],[1,2],[1,3],[2,0],[2,1],[2,2],[2,3],[3,0],[3,1],[3,2],[3,3]]",artifacts/selected/r2-20260919/cad/bricks/r2-p4-16c-4a708adbfba5.stl
r2-p4-16c-61bd7c40319c,Purple,#5E43B7,1,16,"[[0,0],[0,1],[0,2],[0,3],[1,0],[1,1],[1,2],[1,3],[2,0],[2,1],[2,2],[2,3],[3,0],[3,1],[3,2],[4,0]]",artifacts/selected/r2-20260919/cad/bricks/r2-p4-16c-61bd7c40319c.stl
r2-p4-16c-a5831f166142,Purple,#5E43B7,1,16,"[[0,0],[0,1],[0,2],[0,3],[1,0],[1,1],[1,2],[1,3],[2,0],[2,1],[2,2],[3,0],[3,1],[3,2],[4,0],[4,1]]",artifacts/selected/r2-20260919/cad/bricks/r2-p4-16c-a5831f166142.stl
r2-p4-17c-3e650122b59f,Purple,#5E43B7,1,17,"[[0,1],[0,2],[1,1],[1,2],[2,1],[2,2],[3,1],[3,2],[4,0],[4,1],[4,2],[5,0],[5,1],[5,2],[6,0],[6,1],[7,0]]",artifacts/selected/r2-20260919/cad/bricks/r2-p4-17c-3e650122b59f.stl
r2-p4-17c-5fc4a6bda602,Purple,#5E43B7,1,17,"[[0,0],[0,1],[0,2],[0,3],[0,4],[1,0],[1,1],[1,2],[1,3],[1,4],[2,1],[2,2],[2,3],[2,4],[3,3],[3,4],[4,4]]",artifacts/selected/r2-20260919/cad/bricks/r2-p4-17c-5fc4a6bda602.stl
r2-p4-17c-7addd63c6480,Purple,#5E43B7,1,17,"[[0,0],[0,1],[0,2],[0,3],[1,0],[1,1],[1,2],[1,3],[2,0],[2,1],[2,2],[2,3],[3,1],[3,2],[3,3],[4,2],[4,3]]",artifacts/selected/r2-20260919/cad/bricks/r2-p4-17c-7addd63c6480.stl
r2-p4-17c-938aca248f1d,Purple,#5E43B7,1,17,"[[0,0],[0,1],[1,0],[1,1],[2,0],[2,1],[3,0],[3,1],[4,1],[5,1],[6,0],[6,1],[7,0],[7,1],[8,0],[8,1],[9,0]]",artifacts/selected/r2-20260919/cad/bricks/r2-p4-17c-938aca248f1d.stl
r2-p4-17c-c82a078a6b4c,Purple,#5E43B7,1,17,"[[0,0],[0,1],[0,2],[1,0],[1,1],[2,1],[2,2],[3,1],[3,2],[4,1],[4,2],[5,1],[5,2],[5,3],[6,2],[6,3],[7,3]]",artifacts/selected/r2-20260919/cad/bricks/r2-p4-17c-c82a078a6b4c.stl
r2-p4-1c-4ebe150eb1b7,Purple,#5E43B7,656,1,"[[0,0]]",artifacts/selected/r2-20260919/cad/bricks/r2-p4-1c-4ebe150eb1b7.stl
r2-p4-1c-4ebe150eb1b7,Jade white,#FFFFFF,44,1,"[[0,0]]",artifacts/selected/r2-20260919/cad/bricks/r2-p4-1c-4ebe150eb1b7.stl
r2-p4-1c-4ebe150eb1b7,Black,#000000,50,1,"[[0,0]]",artifacts/selected/r2-20260919/cad/bricks/r2-p4-1c-4ebe150eb1b7.stl
r2-p4-1c-4ebe150eb1b7,Hot pink,#F5547C,446,1,"[[0,0]]",artifacts/selected/r2-20260919/cad/bricks/r2-p4-1c-4ebe150eb1b7.stl
r2-p4-1c-c084a429390d,Purple,#5E43B7,225,1,"[[0,0]]",artifacts/selected/r2-20260919/cad/bricks/r2-p4-1c-c084a429390d.stl
r2-p4-1c-c084a429390d,Jade white,#FFFFFF,3,1,"[[0,0]]",artifacts/selected/r2-20260919/cad/bricks/r2-p4-1c-c084a429390d.stl
r2-p4-1c-c084a429390d,Black,#000000,3,1,"[[0,0]]",artifacts/selected/r2-20260919/cad/bricks/r2-p4-1c-c084a429390d.stl
r2-p4-1c-c084a429390d,Hot pink,#F5547C,68,1,"[[0,0]]",artifacts/selected/r2-20260919/cad/bricks/r2-p4-1c-c084a429390d.stl
r2-p4-20c-2a26b65c37d6,Purple,#5E43B7,2,20,"[[0,0],[0,1],[0,2],[0,3],[1,0],[1,1],[1,2],[1,3],[2,0],[2,1],[2,2],[2,3],[3,0],[3,1],[3,2],[3,3],[4,0],[4,1],[4,2],[4,3]]",artifacts/selected/r2-20260919/cad/bricks/r2-p4-20c-2a26b65c37d6.stl
r2-p4-2c-32e56c90317c,Purple,#5E43B7,71,2,"[[0,0],[1,0]]",artifacts/selected/r2-20260919/cad/bricks/r2-p4-2c-32e56c90317c.stl
r2-p4-2c-32e56c90317c,Black,#000000,4,2,"[[0,0],[1,0]]",artifacts/selected/r2-20260919/cad/bricks/r2-p4-2c-32e56c90317c.stl
r2-p4-2c-32e56c90317c,Hot pink,#F5547C,12,2,"[[0,0],[1,0]]",artifacts/selected/r2-20260919/cad/bricks/r2-p4-2c-32e56c90317c.stl
r2-p4-2c-714146ac709f,Purple,#5E43B7,128,2,"[[0,0],[1,0]]",artifacts/selected/r2-20260919/cad/bricks/r2-p4-2c-714146ac709f.stl
r2-p4-2c-714146ac709f,Jade white,#FFFFFF,5,2,"[[0,0],[1,0]]",artifacts/selected/r2-20260919/cad/bricks/r2-p4-2c-714146ac709f.stl
r2-p4-2c-714146ac709f,Black,#000000,1,2,"[[0,0],[1,0]]",artifacts/selected/r2-20260919/cad/bricks/r2-p4-2c-714146ac709f.stl
r2-p4-2c-714146ac709f,Hot pink,#F5547C,49,2,"[[0,0],[1,0]]",artifacts/selected/r2-20260919/cad/bricks/r2-p4-2c-714146ac709f.stl
r2-p4-2c-88381088bd9d,Purple,#5E43B7,675,2,"[[0,0],[1,0]]",artifacts/selected/r2-20260919/cad/bricks/r2-p4-2c-88381088bd9d.stl
r2-p4-2c-88381088bd9d,Jade white,#FFFFFF,9,2,"[[0,0],[1,0]]",artifacts/selected/r2-20260919/cad/bricks/r2-p4-2c-88381088bd9d.stl
r2-p4-2c-88381088bd9d,Black,#000000,33,2,"[[0,0],[1,0]]",artifacts/selected/r2-20260919/cad/bricks/r2-p4-2c-88381088bd9d.stl
r2-p4-2c-88381088bd9d,Hot pink,#F5547C,333,2,"[[0,0],[1,0]]",artifacts/selected/r2-20260919/cad/bricks/r2-p4-2c-88381088bd9d.stl
r2-p4-3c-451dc73cc597,Purple,#5E43B7,17,3,"[[0,0],[1,0],[2,0]]",artifacts/selected/r2-20260919/cad/bricks/r2-p4-3c-451dc73cc597.stl
r2-p4-3c-451dc73cc597,Hot pink,#F5547C,1,3,"[[0,0],[1,0],[2,0]]",artifacts/selected/r2-20260919/cad/bricks/r2-p4-3c-451dc73cc597.stl
r2-p4-3c-78d7ab46d04b,Purple,#5E43B7,53,3,"[[0,0],[1,0],[2,0]]",artifacts/selected/r2-20260919/cad/bricks/r2-p4-3c-78d7ab46d04b.stl
r2-p4-3c-78d7ab46d04b,Jade white,#FFFFFF,1,3,"[[0,0],[1,0],[2,0]]",artifacts/selected/r2-20260919/cad/bricks/r2-p4-3c-78d7ab46d04b.stl
r2-p4-3c-78d7ab46d04b,Hot pink,#F5547C,8,3,"[[0,0],[1,0],[2,0]]",artifacts/selected/r2-20260919/cad/bricks/r2-p4-3c-78d7ab46d04b.stl
r2-p4-3c-a044fbe9bc1c,Purple,#5E43B7,25,3,"[[0,0],[0,1],[1,0]]",artifacts/selected/r2-20260919/cad/bricks/r2-p4-3c-a044fbe9bc1c.stl
r2-p4-3c-a044fbe9bc1c,Hot pink,#F5547C,6,3,"[[0,0],[0,1],[1,0]]",artifacts/selected/r2-20260919/cad/bricks/r2-p4-3c-a044fbe9bc1c.stl
r2-p4-3c-b982b6d67e98,Purple,#5E43B7,308,3,"[[0,0],[1,0],[2,0]]",artifacts/selected/r2-20260919/cad/bricks/r2-p4-3c-b982b6d67e98.stl
r2-p4-3c-b982b6d67e98,Black,#000000,10,3,"[[0,0],[1,0],[2,0]]",artifacts/selected/r2-20260919/cad/bricks/r2-p4-3c-b982b6d67e98.stl
r2-p4-3c-b982b6d67e98,Hot pink,#F5547C,41,3,"[[0,0],[1,0],[2,0]]",artifacts/selected/r2-20260919/cad/bricks/r2-p4-3c-b982b6d67e98.stl
r2-p4-3c-fbc4680fb176,Purple,#5E43B7,17,3,"[[0,0],[1,0],[2,0]]",artifacts/selected/r2-20260919/cad/bricks/r2-p4-3c-fbc4680fb176.stl
r2-p4-3c-fbc4680fb176,Hot pink,#F5547C,1,3,"[[0,0],[1,0],[2,0]]",artifacts/selected/r2-20260919/cad/bricks/r2-p4-3c-fbc4680fb176.stl
r2-p4-4c-04555eeff664,Purple,#5E43B7,42,4,"[[0,0],[0,1],[1,0],[1,1]]",artifacts/selected/r2-20260919/cad/bricks/r2-p4-4c-04555eeff664.stl
r2-p4-4c-04db57b9cf0a,Purple,#5E43B7,1,4,"[[0,0],[0,1],[1,0],[1,1]]",artifacts/selected/r2-20260919/cad/bricks/r2-p4-4c-04db57b9cf0a.stl
r2-p4-4c-13acf6b7a311,Purple,#5E43B7,1,4,"[[0,0],[1,0],[2,0],[3,0]]",artifacts/selected/r2-20260919/cad/bricks/r2-p4-4c-13acf6b7a311.stl
r2-p4-4c-31180a58c329,Purple,#5E43B7,1,4,"[[0,0],[1,0],[2,0],[3,0]]",artifacts/selected/r2-20260919/cad/bricks/r2-p4-4c-31180a58c329.stl
r2-p4-4c-369ccea62973,Purple,#5E43B7,7,4,"[[0,0],[0,1],[1,0],[2,0]]",artifacts/selected/r2-20260919/cad/bricks/r2-p4-4c-369ccea62973.stl
r2-p4-4c-369ccea62973,Hot pink,#F5547C,1,4,"[[0,0],[0,1],[1,0],[2,0]]",artifacts/selected/r2-20260919/cad/bricks/r2-p4-4c-369ccea62973.stl
r2-p4-4c-50a5212aa1ce,Hot pink,#F5547C,1,4,"[[0,1],[1,0],[1,1],[2,0]]",artifacts/selected/r2-20260919/cad/bricks/r2-p4-4c-50a5212aa1ce.stl
r2-p4-4c-62ef5999f1d8,Purple,#5E43B7,33,4,"[[0,0],[1,0],[2,0],[3,0]]",artifacts/selected/r2-20260919/cad/bricks/r2-p4-4c-62ef5999f1d8.stl
r2-p4-4c-62ef5999f1d8,Black,#000000,1,4,"[[0,0],[1,0],[2,0],[3,0]]",artifacts/selected/r2-20260919/cad/bricks/r2-p4-4c-62ef5999f1d8.stl
r2-p4-4c-62ef5999f1d8,Hot pink,#F5547C,1,4,"[[0,0],[1,0],[2,0],[3,0]]",artifacts/selected/r2-20260919/cad/bricks/r2-p4-4c-62ef5999f1d8.stl
r2-p4-4c-8c97b90214e4,Purple,#5E43B7,2,4,"[[0,0],[1,0],[2,0],[3,0]]",artifacts/selected/r2-20260919/cad/bricks/r2-p4-4c-8c97b90214e4.stl
r2-p4-4c-9180de851882,Purple,#5E43B7,351,4,"[[0,0],[0,1],[1,0],[1,1]]",artifacts/selected/r2-20260919/cad/bricks/r2-p4-4c-9180de851882.stl
r2-p4-4c-9d4172d57fff,Purple,#5E43B7,11,4,"[[0,0],[1,0],[2,0],[3,0]]",artifacts/selected/r2-20260919/cad/bricks/r2-p4-4c-9d4172d57fff.stl
r2-p4-4c-9d4172d57fff,Hot pink,#F5547C,2,4,"[[0,0],[1,0],[2,0],[3,0]]",artifacts/selected/r2-20260919/cad/bricks/r2-p4-4c-9d4172d57fff.stl
r2-p4-4c-b02791f0c425,Purple,#5E43B7,303,4,"[[0,0],[1,0],[2,0],[3,0]]",artifacts/selected/r2-20260919/cad/bricks/r2-p4-4c-b02791f0c425.stl
r2-p4-4c-b02791f0c425,Black,#000000,7,4,"[[0,0],[1,0],[2,0],[3,0]]",artifacts/selected/r2-20260919/cad/bricks/r2-p4-4c-b02791f0c425.stl
r2-p4-4c-b02791f0c425,Hot pink,#F5547C,46,4,"[[0,0],[1,0],[2,0],[3,0]]",artifacts/selected/r2-20260919/cad/bricks/r2-p4-4c-b02791f0c425.stl
r2-p4-4c-b15f07feab23,Purple,#5E43B7,19,4,"[[0,0],[0,1],[1,0],[1,1]]",artifacts/selected/r2-20260919/cad/bricks/r2-p4-4c-b15f07feab23.stl
r2-p4-4c-b3266ba16d8e,Purple,#5E43B7,10,4,"[[0,0],[0,1],[1,1],[2,1]]",artifacts/selected/r2-20260919/cad/bricks/r2-p4-4c-b3266ba16d8e.stl
r2-p4-4c-f012ba403668,Purple,#5E43B7,20,4,"[[0,0],[1,0],[2,0],[3,0]]",artifacts/selected/r2-20260919/cad/bricks/r2-p4-4c-f012ba403668.stl
r2-p4-4c-f012ba403668,Hot pink,#F5547C,3,4,"[[0,0],[1,0],[2,0],[3,0]]",artifacts/selected/r2-20260919/cad/bricks/r2-p4-4c-f012ba403668.stl
r2-p4-4c-f2646be4f76b,Purple,#5E43B7,16,4,"[[0,0],[0,1],[1,0],[1,1]]",artifacts/selected/r2-20260919/cad/bricks/r2-p4-4c-f2646be4f76b.stl
r2-p4-5c-01aded46037d,Purple,#5E43B7,4,5,"[[0,0],[0,1],[1,1],[2,1],[3,1]]",artifacts/selected/r2-20260919/cad/bricks/r2-p4-5c-01aded46037d.stl
r2-p4-5c-0f146160a929,Purple,#5E43B7,2,5,"[[0,0],[0,1],[1,0],[2,0],[3,0]]",artifacts/selected/r2-20260919/cad/bricks/r2-p4-5c-0f146160a929.stl
r2-p4-5c-0f146160a929,Hot pink,#F5547C,1,5,"[[0,0],[0,1],[1,0],[2,0],[3,0]]",artifacts/selected/r2-20260919/cad/bricks/r2-p4-5c-0f146160a929.stl
r2-p4-5c-1196d146aac8,Hot pink,#F5547C,1,5,"[[0,0],[1,0],[1,1],[2,1],[3,1]]",artifacts/selected/r2-20260919/cad/bricks/r2-p4-5c-1196d146aac8.stl
r2-p4-5c-48205c9d8815,Hot pink,#F5547C,1,5,"[[0,0],[1,0],[2,0],[2,1],[3,0]]",artifacts/selected/r2-20260919/cad/bricks/r2-p4-5c-48205c9d8815.stl
r2-p4-5c-564708634a4a,Purple,#5E43B7,7,5,"[[0,0],[1,0],[2,0],[3,0],[4,0]]",artifacts/selected/r2-20260919/cad/bricks/r2-p4-5c-564708634a4a.stl
r2-p4-5c-564708634a4a,Hot pink,#F5547C,3,5,"[[0,0],[1,0],[2,0],[3,0],[4,0]]",artifacts/selected/r2-20260919/cad/bricks/r2-p4-5c-564708634a4a.stl
r2-p4-5c-88f68dc9ab4e,Purple,#5E43B7,14,5,"[[0,0],[0,1],[1,0],[1,1],[2,0]]",artifacts/selected/r2-20260919/cad/bricks/r2-p4-5c-88f68dc9ab4e.stl
r2-p4-5c-a44a3889eef4,Purple,#5E43B7,16,5,"[[0,0],[0,1],[1,0],[1,1],[2,1]]",artifacts/selected/r2-20260919/cad/bricks/r2-p4-5c-a44a3889eef4.stl
r2-p4-6c-08aec08e18e5,Purple,#5E43B7,1,6,"[[0,0],[0,1],[1,0],[1,1],[2,0],[2,1]]",artifacts/selected/r2-20260919/cad/bricks/r2-p4-6c-08aec08e18e5.stl
r2-p4-6c-0c2af621b6a6,Purple,#5E43B7,3,6,"[[0,0],[0,1],[1,0],[1,1],[2,1],[3,1]]",artifacts/selected/r2-20260919/cad/bricks/r2-p4-6c-0c2af621b6a6.stl
r2-p4-6c-17666b24a421,Purple,#5E43B7,23,6,"[[0,0],[0,1],[1,0],[1,1],[2,0],[2,1]]",artifacts/selected/r2-20260919/cad/bricks/r2-p4-6c-17666b24a421.stl
r2-p4-6c-1a08cd2e3808,Purple,#5E43B7,4,6,"[[0,0],[0,1],[0,2],[1,0],[1,1],[2,0]]",artifacts/selected/r2-20260919/cad/bricks/r2-p4-6c-1a08cd2e3808.stl
r2-p4-6c-1f64aaa0e8b1,Purple,#5E43B7,3,6,"[[0,0],[0,1],[1,0],[1,1],[2,0],[2,1]]",artifacts/selected/r2-20260919/cad/bricks/r2-p4-6c-1f64aaa0e8b1.stl
r2-p4-6c-451263ebf740,Purple,#5E43B7,24,6,"[[0,0],[0,1],[1,0],[1,1],[2,0],[2,1]]",artifacts/selected/r2-20260919/cad/bricks/r2-p4-6c-451263ebf740.stl
r2-p4-6c-75ddfa996915,Purple,#5E43B7,4,6,"[[0,0],[0,1],[1,0],[1,1],[2,0],[2,1]]",artifacts/selected/r2-20260919/cad/bricks/r2-p4-6c-75ddfa996915.stl
r2-p4-6c-7b734626068d,Purple,#5E43B7,357,6,"[[0,0],[0,1],[1,0],[1,1],[2,0],[2,1]]",artifacts/selected/r2-20260919/cad/bricks/r2-p4-6c-7b734626068d.stl
r2-p4-6c-810977bf0853,Purple,#5E43B7,1,6,"[[0,0],[1,0],[1,1],[2,0],[2,1],[3,0]]",artifacts/selected/r2-20260919/cad/bricks/r2-p4-6c-810977bf0853.stl
r2-p4-6c-812450d3681b,Purple,#5E43B7,1,6,"[[0,0],[0,1],[1,1],[2,1],[3,1],[4,1]]",artifacts/selected/r2-20260919/cad/bricks/r2-p4-6c-812450d3681b.stl
r2-p4-6c-909b63df1963,Purple,#5E43B7,1,6,"[[0,0],[1,0],[1,1],[2,0],[2,1],[3,1]]",artifacts/selected/r2-20260919/cad/bricks/r2-p4-6c-909b63df1963.stl
r2-p4-6c-b3c029a19d6b,Purple,#5E43B7,1,6,"[[0,0],[0,1],[1,0],[1,1],[2,0],[2,1]]",artifacts/selected/r2-20260919/cad/bricks/r2-p4-6c-b3c029a19d6b.stl
r2-p4-6c-ba1fb148fe5e,Purple,#5E43B7,1,6,"[[0,0],[0,1],[1,0],[1,1],[2,0],[2,1]]",artifacts/selected/r2-20260919/cad/bricks/r2-p4-6c-ba1fb148fe5e.stl
r2-p4-6c-c4d06ae6ad9b,Purple,#5E43B7,2,6,"[[0,0],[0,1],[1,0],[1,1],[2,0],[3,0]]",artifacts/selected/r2-20260919/cad/bricks/r2-p4-6c-c4d06ae6ad9b.stl
r2-p4-6c-d1a46aa0281f,Purple,#5E43B7,26,6,"[[0,0],[0,1],[1,0],[1,1],[2,0],[2,1]]",artifacts/selected/r2-20260919/cad/bricks/r2-p4-6c-d1a46aa0281f.stl
r2-p4-6c-e4572ff09aea,Purple,#5E43B7,5,6,"[[0,0],[0,1],[1,0],[1,1],[2,0],[2,1]]",artifacts/selected/r2-20260919/cad/bricks/r2-p4-6c-e4572ff09aea.stl
r2-p4-6c-eef9b6d6a443,Purple,#5E43B7,2,6,"[[0,0],[1,0],[2,0],[3,0],[4,0],[5,0]]",artifacts/selected/r2-20260919/cad/bricks/r2-p4-6c-eef9b6d6a443.stl
r2-p4-6c-eef9b6d6a443,Hot pink,#F5547C,1,6,"[[0,0],[1,0],[2,0],[3,0],[4,0],[5,0]]",artifacts/selected/r2-20260919/cad/bricks/r2-p4-6c-eef9b6d6a443.stl
r2-p4-6c-f4370264b9c3,Purple,#5E43B7,1,6,"[[0,0],[0,1],[1,0],[1,1],[2,0],[2,1]]",artifacts/selected/r2-20260919/cad/bricks/r2-p4-6c-f4370264b9c3.stl
r2-p4-7c-221fc02caa9c,Purple,#5E43B7,1,7,"[[0,0],[0,1],[0,2],[1,0],[1,1],[1,2],[2,2]]",artifacts/selected/r2-20260919/cad/bricks/r2-p4-7c-221fc02caa9c.stl
r2-p4-7c-568180a93cb7,Purple,#5E43B7,1,7,"[[0,0],[0,1],[0,2],[1,0],[1,1],[1,2],[2,0]]",artifacts/selected/r2-20260919/cad/bricks/r2-p4-7c-568180a93cb7.stl
r2-p4-7c-626511f53153,Purple,#5E43B7,17,7,"[[0,0],[0,1],[1,0],[1,1],[2,0],[2,1],[3,1]]",artifacts/selected/r2-20260919/cad/bricks/r2-p4-7c-626511f53153.stl
r2-p4-7c-65e5d24ed0e7,Purple,#5E43B7,2,7,"[[0,0],[1,0],[2,0],[3,0],[4,0],[5,0],[6,0]]",artifacts/selected/r2-20260919/cad/bricks/r2-p4-7c-65e5d24ed0e7.stl
r2-p4-7c-8761b4a005e0,Purple,#5E43B7,1,7,"[[0,0],[0,1],[1,0],[1,1],[2,0],[3,0],[4,0]]",artifacts/selected/r2-20260919/cad/bricks/r2-p4-7c-8761b4a005e0.stl
r2-p4-7c-8ea643f6a651,Purple,#5E43B7,16,7,"[[0,0],[0,1],[1,0],[1,1],[2,0],[2,1],[3,0]]",artifacts/selected/r2-20260919/cad/bricks/r2-p4-7c-8ea643f6a651.stl
r2-p4-7c-c2b59e8f631f,Purple,#5E43B7,1,7,"[[0,0],[0,1],[1,0],[1,1],[2,1],[3,1],[4,1]]",artifacts/selected/r2-20260919/cad/bricks/r2-p4-7c-c2b59e8f631f.stl
r2-p4-7c-f8326032ee44,Purple,#5E43B7,2,7,"[[0,0],[0,1],[0,2],[1,0],[1,1],[2,0],[3,0]]",artifacts/selected/r2-20260919/cad/bricks/r2-p4-7c-f8326032ee44.stl
r2-p4-8c-00ac0d8b7718,Purple,#5E43B7,1,8,"[[0,0],[0,1],[1,0],[1,1],[2,0],[2,1],[3,0],[3,1]]",artifacts/selected/r2-20260919/cad/bricks/r2-p4-8c-00ac0d8b7718.stl
r2-p4-8c-186a9f84f098,Purple,#5E43B7,8426,8,"[[0,0],[0,1],[1,0],[1,1],[2,0],[2,1],[3,0],[3,1]]",artifacts/selected/r2-20260919/cad/bricks/r2-p4-8c-186a9f84f098.stl
r2-p4-8c-3a35d0f7049f,Purple,#5E43B7,4,8,"[[0,0],[0,1],[0,2],[1,0],[1,1],[1,2],[2,0],[2,1]]",artifacts/selected/r2-20260919/cad/bricks/r2-p4-8c-3a35d0f7049f.stl
r2-p4-8c-3eebab327568,Purple,#5E43B7,1,8,"[[0,0],[0,1],[1,0],[1,1],[2,0],[2,1],[3,0],[3,1]]",artifacts/selected/r2-20260919/cad/bricks/r2-p4-8c-3eebab327568.stl
r2-p4-8c-3f8e863fcd29,Purple,#5E43B7,1,8,"[[0,0],[0,1],[1,0],[1,1],[2,0],[2,1],[3,0],[4,0]]",artifacts/selected/r2-20260919/cad/bricks/r2-p4-8c-3f8e863fcd29.stl
r2-p4-8c-40b14f7aecf8,Purple,#5E43B7,2,8,"[[0,0],[0,1],[1,0],[1,1],[2,0],[2,1],[3,0],[3,1]]",artifacts/selected/r2-20260919/cad/bricks/r2-p4-8c-40b14f7aecf8.stl
r2-p4-8c-43aaf840d311,Purple,#5E43B7,1,8,"[[0,0],[0,1],[1,0],[1,1],[2,0],[2,1],[3,0],[3,1]]",artifacts/selected/r2-20260919/cad/bricks/r2-p4-8c-43aaf840d311.stl
r2-p4-8c-4a2a4beab3d1,Purple,#5E43B7,4,8,"[[0,0],[0,1],[1,0],[1,1],[2,0],[2,1],[3,0],[3,1]]",artifacts/selected/r2-20260919/cad/bricks/r2-p4-8c-4a2a4beab3d1.stl
r2-p4-8c-59bf9b543de2,Purple,#5E43B7,1,8,"[[0,0],[0,1],[1,0],[1,1],[2,0],[2,1],[3,0],[3,1]]",artifacts/selected/r2-20260919/cad/bricks/r2-p4-8c-59bf9b543de2.stl
r2-p4-8c-687bf7522bc2,Purple,#5E43B7,1,8,"[[0,0],[0,1],[1,0],[1,1],[2,0],[2,1],[3,0],[3,1]]",artifacts/selected/r2-20260919/cad/bricks/r2-p4-8c-687bf7522bc2.stl
r2-p4-8c-6ed180176bb5,Purple,#5E43B7,1,8,"[[0,0],[1,0],[1,1],[1,2],[2,0],[2,1],[3,0],[3,1]]",artifacts/selected/r2-20260919/cad/bricks/r2-p4-8c-6ed180176bb5.stl
r2-p4-8c-7182b0f5249d,Purple,#5E43B7,28,8,"[[0,0],[0,1],[1,0],[1,1],[2,0],[2,1],[3,0],[3,1]]",artifacts/selected/r2-20260919/cad/bricks/r2-p4-8c-7182b0f5249d.stl
r2-p4-8c-71b1cabb21f1,Purple,#5E43B7,2,8,"[[0,0],[0,1],[1,0],[1,1],[2,0],[2,1],[3,0],[3,1]]",artifacts/selected/r2-20260919/cad/bricks/r2-p4-8c-71b1cabb21f1.stl
r2-p4-8c-74c524aa993e,Purple,#5E43B7,1,8,"[[0,0],[0,1],[1,0],[1,1],[2,0],[2,1],[3,0],[3,1]]",artifacts/selected/r2-20260919/cad/bricks/r2-p4-8c-74c524aa993e.stl
r2-p4-8c-8a9c9abd0046,Purple,#5E43B7,1,8,"[[0,0],[0,1],[1,0],[1,1],[2,0],[2,1],[3,0],[3,1]]",artifacts/selected/r2-20260919/cad/bricks/r2-p4-8c-8a9c9abd0046.stl
r2-p4-8c-9e4597dbd2a1,Purple,#5E43B7,1,8,"[[0,0],[0,1],[1,0],[1,1],[2,0],[2,1],[3,0],[3,1]]",artifacts/selected/r2-20260919/cad/bricks/r2-p4-8c-9e4597dbd2a1.stl
r2-p4-8c-b7b0695b93ed,Purple,#5E43B7,11,8,"[[0,0],[0,1],[1,0],[1,1],[2,0],[2,1],[3,0],[3,1]]",artifacts/selected/r2-20260919/cad/bricks/r2-p4-8c-b7b0695b93ed.stl
r2-p4-8c-d844888ce4b9,Purple,#5E43B7,1,8,"[[0,0],[0,1],[1,0],[1,1],[2,0],[2,1],[3,0],[3,1]]",artifacts/selected/r2-20260919/cad/bricks/r2-p4-8c-d844888ce4b9.stl
r2-p4-8c-db7507a63af1,Purple,#5E43B7,13,8,"[[0,0],[0,1],[1,0],[1,1],[2,0],[2,1],[3,0],[3,1]]",artifacts/selected/r2-20260919/cad/bricks/r2-p4-8c-db7507a63af1.stl
r2-p4-8c-db962d10ff4f,Purple,#5E43B7,1,8,"[[0,0],[0,1],[1,0],[1,1],[2,0],[2,1],[3,0],[3,1]]",artifacts/selected/r2-20260919/cad/bricks/r2-p4-8c-db962d10ff4f.stl
r2-p4-8c-e50b3bba33b2,Purple,#5E43B7,45,8,"[[0,0],[0,1],[1,0],[1,1],[2,0],[2,1],[3,0],[3,1]]",artifacts/selected/r2-20260919/cad/bricks/r2-p4-8c-e50b3bba33b2.stl
r2-p4-8c-ea6b22f0e894,Purple,#5E43B7,3,8,"[[0,0],[0,1],[0,2],[1,0],[1,1],[2,0],[2,1],[3,0]]",artifacts/selected/r2-20260919/cad/bricks/r2-p4-8c-ea6b22f0e894.stl
r2-p4-8c-ecbfaa38d5d9,Purple,#5E43B7,1,8,"[[0,0],[0,1],[1,0],[1,1],[2,0],[2,1],[3,0],[3,1]]",artifacts/selected/r2-20260919/cad/bricks/r2-p4-8c-ecbfaa38d5d9.stl
r2-p4-8c-edf55bd5d8ff,Purple,#5E43B7,3,8,"[[0,0],[0,1],[1,0],[1,1],[2,0],[2,1],[3,0],[3,1]]",artifacts/selected/r2-20260919/cad/bricks/r2-p4-8c-edf55bd5d8ff.stl
r2-p4-8c-eedb1346666c,Purple,#5E43B7,49,8,"[[0,0],[0,1],[1,0],[1,1],[2,0],[2,1],[3,0],[3,1]]",artifacts/selected/r2-20260919/cad/bricks/r2-p4-8c-eedb1346666c.stl
r2-p4-9c-04db7e61faa4,Purple,#5E43B7,4,9,"[[0,0],[0,1],[1,0],[1,1],[2,0],[2,1],[3,0],[3,1],[4,0]]",artifacts/selected/r2-20260919/cad/bricks/r2-p4-9c-04db7e61faa4.stl
r2-p4-9c-2c6c8a203360,Purple,#5E43B7,1,9,"[[0,0],[0,1],[1,0],[1,1],[2,0],[2,1],[3,0],[4,0],[5,0]]",artifacts/selected/r2-20260919/cad/bricks/r2-p4-9c-2c6c8a203360.stl
r2-p4-9c-372b34c13ea7,Purple,#5E43B7,4,9,"[[0,0],[0,1],[0,2],[1,1],[1,2],[2,1],[2,2],[3,1],[3,2]]",artifacts/selected/r2-20260919/cad/bricks/r2-p4-9c-372b34c13ea7.stl
r2-p4-9c-37dc0172b5e6,Hot pink,#F5547C,1,9,"[[0,0],[0,1],[1,0],[2,0],[3,0],[4,0],[5,0],[6,0],[7,0]]",artifacts/selected/r2-20260919/cad/bricks/r2-p4-9c-37dc0172b5e6.stl
r2-p4-9c-687f1e2c6151,Purple,#5E43B7,5,9,"[[0,0],[0,1],[1,0],[1,1],[2,0],[2,1],[3,0],[3,1],[4,1]]",artifacts/selected/r2-20260919/cad/bricks/r2-p4-9c-687f1e2c6151.stl
r2-p4-9c-7f58e6b78bd0,Purple,#5E43B7,1,9,"[[0,0],[0,1],[1,0],[1,1],[2,0],[3,0],[4,0],[5,0],[6,0]]",artifacts/selected/r2-20260919/cad/bricks/r2-p4-9c-7f58e6b78bd0.stl
r2-p4-9c-8008113072c1,Purple,#5E43B7,4,9,"[[0,0],[0,1],[0,2],[1,0],[1,1],[1,2],[2,1],[2,2],[3,2]]",artifacts/selected/r2-20260919/cad/bricks/r2-p4-9c-8008113072c1.stl
r2-p4-9c-90b4aebaa3c9,Purple,#5E43B7,1,9,"[[0,0],[0,1],[1,0],[1,1],[2,1],[3,1],[4,1],[5,1],[6,1]]",artifacts/selected/r2-20260919/cad/bricks/r2-p4-9c-90b4aebaa3c9.stl
r2-p4-9c-a91387e26c85,Purple,#5E43B7,4,9,"[[0,0],[0,1],[0,2],[1,0],[1,1],[1,2],[2,0],[2,1],[3,0]]",artifacts/selected/r2-20260919/cad/bricks/r2-p4-9c-a91387e26c85.stl
r2-p4-9c-aa965b60ca20,Purple,#5E43B7,3,9,"[[0,0],[0,1],[0,2],[1,0],[1,1],[2,0],[2,1],[3,0],[3,1]]",artifacts/selected/r2-20260919/cad/bricks/r2-p4-9c-aa965b60ca20.stl
